label: sin(2*PI*(t-10) * 50 * (0.001))
8002
0	-1.06031e-14
0.025	-1.06031e-14
0.05	0.0078539
0.075	0.0078539
0.1	0.0157073
0.125	0.0157073
0.15	0.0235598
0.175	0.0235598
0.2	0.0314108
0.225	0.0314108
0.25	0.0392598
0.275	0.0392598
0.3	0.0471065
0.325	0.0471065
0.35	0.0549502
0.375	0.0549502
0.4	0.0627905
0.425	0.0627905
0.45	0.070627
0.475	0.070627
0.5	0.0784591
0.525	0.0784591
0.55	0.0862864
0.575	0.0862864
0.6	0.0941083
0.625	0.0941083
0.65	0.101924
0.675	0.101924
0.7	0.109734
0.725	0.109734
0.75	0.117537
0.775	0.117537
0.8	0.125333
0.825	0.125333
0.85	0.133121
0.875	0.133121
0.9	0.140901
0.925	0.140901
0.95	0.148672
0.975	0.148672
1	0.156434
1.025	0.156434
1.05	0.164187
1.075	0.164187
1.1	0.171929
1.125	0.171929
1.15	0.179661
1.175	0.179661
1.2	0.187381
1.225	0.187381
1.25	0.19509
1.275	0.19509
1.3	0.202787
1.325	0.202787
1.35	0.210472
1.375	0.210472
1.4	0.218143
1.425	0.218143
1.45	0.225801
1.475	0.225801
1.5	0.233445
1.525	0.233445
1.55	0.241075
1.575	0.241075
1.6	0.24869
1.625	0.24869
1.65	0.256289
1.675	0.256289
1.7	0.263873
1.725	0.263873
1.75	0.27144
1.775	0.27144
1.8	0.278991
1.825	0.278991
1.85	0.286525
1.875	0.286525
1.9	0.29404
1.925	0.29404
1.95	0.301538
1.975	0.301538
2	0.309017
2.025	0.309017
2.05	0.316477
2.075	0.316477
2.1	0.323917
2.125	0.323917
2.15	0.331338
2.175	0.331338
2.2	0.338738
2.225	0.338738
2.25	0.346117
2.275	0.346117
2.3	0.353475
2.325	0.353475
2.35	0.360811
2.375	0.360811
2.4	0.368125
2.425	0.368125
2.45	0.375416
2.475	0.375416
2.5	0.382683
2.525	0.382683
2.55	0.389928
2.575	0.389928
2.6	0.397148
2.625	0.397148
2.65	0.404344
2.675	0.404344
2.7	0.411514
2.725	0.411514
2.75	0.41866
2.775	0.41866
2.8	0.425779
2.825	0.425779
2.85	0.432873
2.875	0.432873
2.9	0.439939
2.925	0.439939
2.95	0.446979
2.975	0.446979
3	0.45399
3.025	0.45399
3.05	0.460974
3.075	0.460974
3.1	0.46793
3.125	0.46793
3.15	0.474856
3.175	0.474856
3.2	0.481754
3.225	0.481754
3.25	0.488621
3.275	0.488621
3.3	0.495459
3.325	0.495459
3.35	0.502266
3.375	0.502266
3.4	0.509041
3.425	0.509041
3.45	0.515786
3.475	0.515786
3.5	0.522499
3.525	0.522499
3.55	0.529179
3.575	0.529179
3.6	0.535827
3.625	0.535827
3.65	0.542442
3.675	0.542442
3.7	0.549023
3.725	0.549023
3.75	0.55557
3.775	0.55557
3.8	0.562083
3.825	0.562083
3.85	0.568562
3.875	0.568562
3.9	0.575005
3.925	0.575005
3.95	0.581413
3.975	0.581413
4	0.587785
4.025	0.587785
4.05	0.594121
4.075	0.594121
4.1	0.60042
4.125	0.60042
4.15	0.606682
4.175	0.606682
4.2	0.612907
4.225	0.612907
4.25	0.619094
4.275	0.619094
4.3	0.625243
4.325	0.625243
4.35	0.631353
4.375	0.631353
4.4	0.637424
4.425	0.637424
4.45	0.643456
4.475	0.643456
4.5	0.649448
4.525	0.649448
4.55	0.6554
4.575	0.6554
4.6	0.661312
4.625	0.661312
4.65	0.667183
4.675	0.667183
4.7	0.673012
4.725	0.673012
4.75	0.678801
4.775	0.678801
4.8	0.684547
4.825	0.684547
4.85	0.690251
4.875	0.690251
4.9	0.695913
4.925	0.695913
4.95	0.701531
4.975	0.701531
5	0.707107
5.025	0.707107
5.05	0.712638
5.075	0.712638
5.1	0.718126
5.125	0.718126
5.15	0.72357
5.175	0.72357
5.2	0.728969
5.225	0.728969
5.25	0.734322
5.275	0.734322
5.3	0.739631
5.325	0.739631
5.35	0.744894
5.375	0.744894
5.4	0.750111
5.425	0.750111
5.45	0.755282
5.475	0.755282
5.5	0.760406
5.525	0.760406
5.55	0.765483
5.575	0.765483
5.6	0.770513
5.625	0.770513
5.65	0.775496
5.675	0.775496
5.7	0.78043
5.725	0.78043
5.75	0.785317
5.775	0.785317
5.8	0.790155
5.825	0.790155
5.85	0.794944
5.875	0.794944
5.9	0.799685
5.925	0.799685
5.95	0.804376
5.975	0.804376
6	0.809017
6.025	0.809017
6.05	0.813608
6.075	0.813608
6.1	0.81815
6.125	0.81815
6.15	0.822641
6.175	0.822641
6.2	0.827081
6.225	0.827081
6.25	0.83147
6.275	0.83147
6.3	0.835807
6.325	0.835807
6.35	0.840094
6.375	0.840094
6.4	0.844328
6.425	0.844328
6.45	0.84851
6.475	0.84851
6.5	0.85264
6.525	0.85264
6.55	0.856718
6.575	0.856718
6.6	0.860742
6.625	0.860742
6.65	0.864713
6.675	0.864713
6.7	0.868632
6.725	0.868632
6.75	0.872496
6.775	0.872496
6.8	0.876307
6.825	0.876307
6.85	0.880063
6.875	0.880063
6.9	0.883766
6.925	0.883766
6.95	0.887413
6.975	0.887413
7	0.891007
7.025	0.891007
7.05	0.894545
7.075	0.894545
7.1	0.898028
7.125	0.898028
7.15	0.901455
7.175	0.901455
7.2	0.904827
7.225	0.904827
7.25	0.908143
7.275	0.908143
7.3	0.911403
7.325	0.911403
7.35	0.914607
7.375	0.914607
7.4	0.917755
7.425	0.917755
7.45	0.920846
7.475	0.920846
7.5	0.92388
7.525	0.92388
7.55	0.926857
7.575	0.926857
7.6	0.929776
7.625	0.929776
7.65	0.932639
7.675	0.932639
7.7	0.935444
7.725	0.935444
7.75	0.938191
7.775	0.938191
7.8	0.940881
7.825	0.940881
7.85	0.943512
7.875	0.943512
7.9	0.946085
7.925	0.946085
7.95	0.9486
7.975	0.9486
8	0.951057
8.025	0.951057
8.05	0.953454
8.075	0.953454
8.1	0.955793
8.125	0.955793
8.15	0.958073
8.175	0.958073
8.2	0.960294
8.225	0.960294
8.25	0.962455
8.275	0.962455
8.3	0.964557
8.325	0.964557
8.35	0.9666
8.375	0.9666
8.4	0.968583
8.425	0.968583
8.45	0.970506
8.475	0.970506
8.5	0.97237
8.525	0.97237
8.55	0.974173
8.575	0.974173
8.6	0.975917
8.625	0.975917
8.65	0.9776
8.675	0.9776
8.7	0.979223
8.725	0.979223
8.75	0.980785
8.775	0.980785
8.8	0.982287
8.825	0.982287
8.85	0.983729
8.875	0.983729
8.9	0.985109
8.925	0.985109
8.95	0.986429
8.975	0.986429
9	0.987688
9.025	0.987688
9.05	0.988886
9.075	0.988886
9.1	0.990024
9.125	0.990024
9.15	0.9911
9.175	0.9911
9.2	0.992115
9.225	0.992115
9.25	0.993068
9.275	0.993068
9.3	0.993961
9.325	0.993961
9.35	0.994792
9.375	0.994792
9.4	0.995562
9.425	0.995562
9.45	0.99627
9.475	0.99627
9.5	0.996917
9.525	0.996917
9.55	0.997503
9.575	0.997503
9.6	0.998027
9.625	0.998027
9.65	0.998489
9.675	0.998489
9.7	0.99889
9.725	0.99889
9.75	0.999229
9.775	0.999229
9.8	0.999507
9.825	0.999507
9.85	0.999722
9.875	0.999722
9.9	0.999877
9.925	0.999877
9.95	0.999969
9.975	0.999969
10	1
10	1
10.025	0.999969
10.025	0.999969
10.05	0.999877
10.05	0.999877
10.075	0.999722
10.075	0.999722
10.1	0.999507
10.1	0.999507
10.125	0.999229
10.125	0.999229
10.15	0.99889
10.15	0.99889
10.175	0.998489
10.175	0.998489
10.2	0.998027
10.2	0.998027
10.225	0.997503
10.225	0.997503
10.25	0.996917
10.25	0.996917
10.275	0.99627
10.275	0.99627
10.3	0.995562
10.3	0.995562
10.325	0.994792
10.325	0.994792
10.35	0.993961
10.35	0.993961
10.375	0.993068
10.375	0.993068
10.4	0.992115
10.4	0.992115
10.425	0.9911
10.425	0.9911
10.45	0.990024
10.45	0.990024
10.475	0.988886
10.475	0.988886
10.5	0.987688
10.5	0.987688
10.525	0.986429
10.525	0.986429
10.55	0.985109
10.55	0.985109
10.575	0.983729
10.575	0.983729
10.6	0.982287
10.6	0.982287
10.625	0.980785
10.625	0.980785
10.65	0.979223
10.65	0.979223
10.675	0.9776
10.675	0.9776
10.7	0.975917
10.7	0.975917
10.725	0.974173
10.725	0.974173
10.75	0.97237
10.75	0.97237
10.775	0.970506
10.775	0.970506
10.8	0.968583
10.8	0.968583
10.825	0.9666
10.825	0.9666
10.85	0.964557
10.85	0.964557
10.875	0.962455
10.875	0.962455
10.9	0.960294
10.9	0.960294
10.925	0.958073
10.925	0.958073
10.95	0.955793
10.95	0.955793
10.975	0.953454
10.975	0.953454
11	0.951057
11	0.951057
11.025	0.9486
11.025	0.9486
11.05	0.946085
11.05	0.946085
11.075	0.943512
11.075	0.943512
11.1	0.940881
11.1	0.940881
11.125	0.938191
11.125	0.938191
11.15	0.935444
11.15	0.935444
11.175	0.932639
11.175	0.932639
11.2	0.929776
11.2	0.929776
11.225	0.926857
11.225	0.926857
11.25	0.92388
11.25	0.92388
11.275	0.920846
11.275	0.920846
11.3	0.917755
11.3	0.917755
11.325	0.914607
11.325	0.914607
11.35	0.911403
11.35	0.911403
11.375	0.908143
11.375	0.908143
11.4	0.904827
11.4	0.904827
11.425	0.901455
11.425	0.901455
11.45	0.898028
11.45	0.898028
11.475	0.894545
11.475	0.894545
11.5	0.891007
11.5	0.891007
11.525	0.887413
11.525	0.887413
11.55	0.883766
11.55	0.883766
11.575	0.880063
11.575	0.880063
11.6	0.876307
11.6	0.876307
11.625	0.872496
11.625	0.872496
11.65	0.868632
11.65	0.868632
11.675	0.864713
11.675	0.864713
11.7	0.860742
11.7	0.860742
11.725	0.856718
11.725	0.856718
11.75	0.85264
11.75	0.85264
11.775	0.84851
11.775	0.84851
11.8	0.844328
11.8	0.844328
11.825	0.840094
11.825	0.840094
11.85	0.835807
11.85	0.835807
11.875	0.83147
11.875	0.83147
11.9	0.827081
11.9	0.827081
11.925	0.822641
11.925	0.822641
11.95	0.81815
11.95	0.81815
11.975	0.813608
11.975	0.813608
12	0.809017
12	0.809017
12.025	0.804376
12.025	0.804376
12.05	0.799685
12.05	0.799685
12.075	0.794944
12.075	0.794944
12.1	0.790155
12.1	0.790155
12.125	0.785317
12.125	0.785317
12.15	0.78043
12.15	0.78043
12.175	0.775496
12.175	0.775496
12.2	0.770513
12.2	0.770513
12.225	0.765483
12.225	0.765483
12.25	0.760406
12.25	0.760406
12.275	0.755282
12.275	0.755282
12.3	0.750111
12.3	0.750111
12.325	0.744894
12.325	0.744894
12.35	0.739631
12.35	0.739631
12.375	0.734322
12.375	0.734322
12.4	0.728969
12.4	0.728969
12.425	0.72357
12.425	0.72357
12.45	0.718126
12.45	0.718126
12.475	0.712638
12.475	0.712638
12.5	0.707107
12.5	0.707107
12.525	0.701531
12.525	0.701531
12.55	0.695913
12.55	0.695913
12.575	0.690251
12.575	0.690251
12.6	0.684547
12.6	0.684547
12.625	0.678801
12.625	0.678801
12.65	0.673012
12.65	0.673012
12.675	0.667183
12.675	0.667183
12.7	0.661312
12.7	0.661312
12.725	0.6554
12.725	0.6554
12.75	0.649448
12.75	0.649448
12.775	0.643456
12.775	0.643456
12.8	0.637424
12.8	0.637424
12.825	0.631353
12.825	0.631353
12.85	0.625243
12.85	0.625243
12.875	0.619094
12.875	0.619094
12.9	0.612907
12.9	0.612907
12.925	0.606682
12.925	0.606682
12.95	0.60042
12.95	0.60042
12.975	0.594121
12.975	0.594121
13	0.587785
13	0.587785
13.025	0.581413
13.025	0.581413
13.05	0.575005
13.05	0.575005
13.075	0.568562
13.075	0.568562
13.1	0.562083
13.1	0.562083
13.125	0.55557
13.125	0.55557
13.15	0.549023
13.15	0.549023
13.175	0.542442
13.175	0.542442
13.2	0.535827
13.2	0.535827
13.225	0.529179
13.225	0.529179
13.25	0.522499
13.25	0.522499
13.275	0.515786
13.275	0.515786
13.3	0.509041
13.3	0.509041
13.325	0.502266
13.325	0.502266
13.35	0.495459
13.35	0.495459
13.375	0.488621
13.375	0.488621
13.4	0.481754
13.4	0.481754
13.425	0.474856
13.425	0.474856
13.45	0.46793
13.45	0.46793
13.475	0.460974
13.475	0.460974
13.5	0.45399
13.5	0.45399
13.525	0.446979
13.525	0.446979
13.55	0.439939
13.55	0.439939
13.575	0.432873
13.575	0.432873
13.6	0.425779
13.6	0.425779
13.625	0.41866
13.625	0.41866
13.65	0.411514
13.65	0.411514
13.675	0.404344
13.675	0.404344
13.7	0.397148
13.7	0.397148
13.725	0.389928
13.725	0.389928
13.75	0.382683
13.75	0.382683
13.775	0.375416
13.775	0.375416
13.8	0.368125
13.8	0.368125
13.825	0.360811
13.825	0.360811
13.85	0.353475
13.85	0.353475
13.875	0.346117
13.875	0.346117
13.9	0.338738
13.9	0.338738
13.925	0.331338
13.925	0.331338
13.95	0.323917
13.95	0.323917
13.975	0.316477
13.975	0.316477
14	0.309017
14	0.309017
14.025	0.301538
14.025	0.301538
14.05	0.29404
14.05	0.29404
14.075	0.286525
14.075	0.286525
14.1	0.278991
14.1	0.278991
14.125	0.27144
14.125	0.27144
14.15	0.263873
14.15	0.263873
14.175	0.256289
14.175	0.256289
14.2	0.24869
14.2	0.24869
14.225	0.241075
14.225	0.241075
14.25	0.233445
14.25	0.233445
14.275	0.225801
14.275	0.225801
14.3	0.218143
14.3	0.218143
14.325	0.210472
14.325	0.210472
14.35	0.202787
14.35	0.202787
14.375	0.19509
14.375	0.19509
14.4	0.187381
14.4	0.187381
14.425	0.179661
14.425	0.179661
14.45	0.171929
14.45	0.171929
14.475	0.164187
14.475	0.164187
14.5	0.156434
14.5	0.156434
14.525	0.148672
14.525	0.148672
14.55	0.140901
14.55	0.140901
14.575	0.133121
14.575	0.133121
14.6	0.125333
14.6	0.125333
14.625	0.117537
14.625	0.117537
14.65	0.109734
14.65	0.109734
14.675	0.101924
14.675	0.101924
14.7	0.0941083
14.7	0.0941083
14.725	0.0862864
14.725	0.0862864
14.75	0.0784591
14.75	0.0784591
14.775	0.070627
14.775	0.070627
14.8	0.0627905
14.8	0.0627905
14.825	0.0549502
14.825	0.0549502
14.85	0.0471065
14.85	0.0471065
14.875	0.0392598
14.875	0.0392598
14.9	0.0314108
14.9	0.0314108
14.925	0.0235598
14.925	0.0235598
14.95	0.0157073
14.95	0.0157073
14.975	0.0078539
14.975	0.0078539
15	1.88416e-13
15	1.88416e-13
15.025	-0.0078539
15.025	-0.0078539
15.05	-0.0157073
15.05	-0.0157073
15.075	-0.0235598
15.075	-0.0235598
15.1	-0.0314108
15.1	-0.0314108
15.125	-0.0392598
15.125	-0.0392598
15.15	-0.0471065
15.15	-0.0471065
15.175	-0.0549502
15.175	-0.0549502
15.2	-0.0627905
15.2	-0.0627905
15.225	-0.070627
15.225	-0.070627
15.25	-0.0784591
15.25	-0.0784591
15.275	-0.0862864
15.275	-0.0862864
15.3	-0.0941083
15.3	-0.0941083
15.325	-0.101924
15.325	-0.101924
15.35	-0.109734
15.35	-0.109734
15.375	-0.117537
15.375	-0.117537
15.4	-0.125333
15.4	-0.125333
15.425	-0.133121
15.425	-0.133121
15.45	-0.140901
15.45	-0.140901
15.475	-0.148672
15.475	-0.148672
15.5	-0.156434
15.5	-0.156434
15.525	-0.164187
15.525	-0.164187
15.55	-0.171929
15.55	-0.171929
15.575	-0.179661
15.575	-0.179661
15.6	-0.187381
15.6	-0.187381
15.625	-0.19509
15.625	-0.19509
15.65	-0.202787
15.65	-0.202787
15.675	-0.210472
15.675	-0.210472
15.7	-0.218143
15.7	-0.218143
15.725	-0.225801
15.725	-0.225801
15.75	-0.233445
15.75	-0.233445
15.775	-0.241075
15.775	-0.241075
15.8	-0.24869
15.8	-0.24869
15.825	-0.256289
15.825	-0.256289
15.85	-0.263873
15.85	-0.263873
15.875	-0.27144
15.875	-0.27144
15.9	-0.278991
15.9	-0.278991
15.925	-0.286525
15.925	-0.286525
15.95	-0.29404
15.95	-0.29404
15.975	-0.301538
15.975	-0.301538
16	-0.309017
16	-0.309017
16.025	-0.316477
16.025	-0.316477
16.05	-0.323917
16.05	-0.323917
16.075	-0.331338
16.075	-0.331338
16.1	-0.338738
16.1	-0.338738
16.125	-0.346117
16.125	-0.346117
16.15	-0.353475
16.15	-0.353475
16.175	-0.360811
16.175	-0.360811
16.2	-0.368125
16.2	-0.368125
16.225	-0.375416
16.225	-0.375416
16.25	-0.382683
16.25	-0.382683
16.275	-0.389928
16.275	-0.389928
16.3	-0.397148
16.3	-0.397148
16.325	-0.404344
16.325	-0.404344
16.35	-0.411514
16.35	-0.411514
16.375	-0.41866
16.375	-0.41866
16.4	-0.425779
16.4	-0.425779
16.425	-0.432873
16.425	-0.432873
16.45	-0.439939
16.45	-0.439939
16.475	-0.446979
16.475	-0.446979
16.5	-0.45399
16.5	-0.45399
16.525	-0.460974
16.525	-0.460974
16.55	-0.46793
16.55	-0.46793
16.575	-0.474856
16.575	-0.474856
16.6	-0.481754
16.6	-0.481754
16.625	-0.488621
16.625	-0.488621
16.65	-0.495459
16.65	-0.495459
16.675	-0.502266
16.675	-0.502266
16.7	-0.509041
16.7	-0.509041
16.725	-0.515786
16.725	-0.515786
16.75	-0.522499
16.75	-0.522499
16.775	-0.529179
16.775	-0.529179
16.8	-0.535827
16.8	-0.535827
16.825	-0.542442
16.825	-0.542442
16.85	-0.549023
16.85	-0.549023
16.875	-0.55557
16.875	-0.55557
16.9	-0.562083
16.9	-0.562083
16.925	-0.568562
16.925	-0.568562
16.95	-0.575005
16.95	-0.575005
16.975	-0.581413
16.975	-0.581413
17	-0.587785
17	-0.587785
17.025	-0.594121
17.025	-0.594121
17.05	-0.60042
17.05	-0.60042
17.075	-0.606682
17.075	-0.606682
17.1	-0.612907
17.1	-0.612907
17.125	-0.619094
17.125	-0.619094
17.15	-0.625243
17.15	-0.625243
17.175	-0.631353
17.175	-0.631353
17.2	-0.637424
17.2	-0.637424
17.225	-0.643456
17.225	-0.643456
17.25	-0.649448
17.25	-0.649448
17.275	-0.6554
17.275	-0.6554
17.3	-0.661312
17.3	-0.661312
17.325	-0.667183
17.325	-0.667183
17.35	-0.673012
17.35	-0.673012
17.375	-0.678801
17.375	-0.678801
17.4	-0.684547
17.4	-0.684547
17.425	-0.690251
17.425	-0.690251
17.45	-0.695913
17.45	-0.695913
17.475	-0.701531
17.475	-0.701531
17.5	-0.707107
17.5	-0.707107
17.525	-0.712638
17.525	-0.712638
17.55	-0.718126
17.55	-0.718126
17.575	-0.72357
17.575	-0.72357
17.6	-0.728969
17.6	-0.728969
17.625	-0.734322
17.625	-0.734322
17.65	-0.739631
17.65	-0.739631
17.675	-0.744894
17.675	-0.744894
17.7	-0.750111
17.7	-0.750111
17.725	-0.755282
17.725	-0.755282
17.75	-0.760406
17.75	-0.760406
17.775	-0.765483
17.775	-0.765483
17.8	-0.770513
17.8	-0.770513
17.825	-0.775496
17.825	-0.775496
17.85	-0.78043
17.85	-0.78043
17.875	-0.785317
17.875	-0.785317
17.9	-0.790155
17.9	-0.790155
17.925	-0.794944
17.925	-0.794944
17.95	-0.799685
17.95	-0.799685
17.975	-0.804376
17.975	-0.804376
18	-0.809017
18	-0.809017
18.025	-0.813608
18.025	-0.813608
18.05	-0.81815
18.05	-0.81815
18.075	-0.822641
18.075	-0.822641
18.1	-0.827081
18.1	-0.827081
18.125	-0.83147
18.125	-0.83147
18.15	-0.835807
18.15	-0.835807
18.175	-0.840094
18.175	-0.840094
18.2	-0.844328
18.2	-0.844328
18.225	-0.84851
18.225	-0.84851
18.25	-0.85264
18.25	-0.85264
18.275	-0.856718
18.275	-0.856718
18.3	-0.860742
18.3	-0.860742
18.325	-0.864713
18.325	-0.864713
18.35	-0.868632
18.35	-0.868632
18.375	-0.872496
18.375	-0.872496
18.4	-0.876307
18.4	-0.876307
18.425	-0.880063
18.425	-0.880063
18.45	-0.883766
18.45	-0.883766
18.475	-0.887413
18.475	-0.887413
18.5	-0.891007
18.5	-0.891007
18.525	-0.894545
18.525	-0.894545
18.55	-0.898028
18.55	-0.898028
18.575	-0.901455
18.575	-0.901455
18.6	-0.904827
18.6	-0.904827
18.625	-0.908143
18.625	-0.908143
18.65	-0.911403
18.65	-0.911403
18.675	-0.914607
18.675	-0.914607
18.7	-0.917755
18.7	-0.917755
18.725	-0.920846
18.725	-0.920846
18.75	-0.92388
18.75	-0.92388
18.775	-0.926857
18.775	-0.926857
18.8	-0.929776
18.8	-0.929776
18.825	-0.932639
18.825	-0.932639
18.85	-0.935444
18.85	-0.935444
18.875	-0.938191
18.875	-0.938191
18.9	-0.940881
18.9	-0.940881
18.925	-0.943512
18.925	-0.943512
18.95	-0.946085
18.95	-0.946085
18.975	-0.9486
18.975	-0.9486
19	-0.951057
19	-0.951057
19.025	-0.953454
19.025	-0.953454
19.05	-0.955793
19.05	-0.955793
19.075	-0.958073
19.075	-0.958073
19.1	-0.960294
19.1	-0.960294
19.125	-0.962455
19.125	-0.962455
19.15	-0.964557
19.15	-0.964557
19.175	-0.9666
19.175	-0.9666
19.2	-0.968583
19.2	-0.968583
19.225	-0.970506
19.225	-0.970506
19.25	-0.97237
19.25	-0.97237
19.275	-0.974173
19.275	-0.974173
19.3	-0.975917
19.3	-0.975917
19.325	-0.9776
19.325	-0.9776
19.35	-0.979223
19.35	-0.979223
19.375	-0.980785
19.375	-0.980785
19.4	-0.982287
19.4	-0.982287
19.425	-0.983729
19.425	-0.983729
19.45	-0.985109
19.45	-0.985109
19.475	-0.986429
19.475	-0.986429
19.5	-0.987688
19.5	-0.987688
19.525	-0.988886
19.525	-0.988886
19.55	-0.990024
19.55	-0.990024
19.575	-0.9911
19.575	-0.9911
19.6	-0.992115
19.6	-0.992115
19.625	-0.993068
19.625	-0.993068
19.65	-0.993961
19.65	-0.993961
19.675	-0.994792
19.675	-0.994792
19.7	-0.995562
19.7	-0.995562
19.725	-0.99627
19.725	-0.99627
19.75	-0.996917
19.75	-0.996917
19.775	-0.997503
19.775	-0.997503
19.8	-0.998027
19.8	-0.998027
19.825	-0.998489
19.825	-0.998489
19.85	-0.99889
19.85	-0.99889
19.875	-0.999229
19.875	-0.999229
19.9	-0.999507
19.9	-0.999507
19.925	-0.999722
19.925	-0.999722
19.95	-0.999877
19.95	-0.999877
19.975	-0.999969
19.975	-0.999969
20	-1
20	-1
20.025	-0.999969
20.025	-0.999969
20.05	-0.999877
20.05	-0.999877
20.075	-0.999722
20.075	-0.999722
20.1	-0.999507
20.1	-0.999507
20.125	-0.999229
20.125	-0.999229
20.15	-0.99889
20.15	-0.99889
20.175	-0.998489
20.175	-0.998489
20.2	-0.998027
20.2	-0.998027
20.225	-0.997503
20.225	-0.997503
20.25	-0.996917
20.25	-0.996917
20.275	-0.99627
20.275	-0.99627
20.3	-0.995562
20.3	-0.995562
20.325	-0.994792
20.325	-0.994792
20.35	-0.993961
20.35	-0.993961
20.375	-0.993068
20.375	-0.993068
20.4	-0.992115
20.4	-0.992115
20.425	-0.9911
20.425	-0.9911
20.45	-0.990024
20.45	-0.990024
20.475	-0.988886
20.475	-0.988886
20.5	-0.987688
20.5	-0.987688
20.525	-0.986429
20.525	-0.986429
20.55	-0.985109
20.55	-0.985109
20.575	-0.983729
20.575	-0.983729
20.6	-0.982287
20.6	-0.982287
20.625	-0.980785
20.625	-0.980785
20.65	-0.979223
20.65	-0.979223
20.675	-0.9776
20.675	-0.9776
20.7	-0.975917
20.7	-0.975917
20.725	-0.974173
20.725	-0.974173
20.75	-0.97237
20.75	-0.97237
20.775	-0.970506
20.775	-0.970506
20.8	-0.968583
20.8	-0.968583
20.825	-0.9666
20.825	-0.9666
20.85	-0.964557
20.85	-0.964557
20.875	-0.962455
20.875	-0.962455
20.9	-0.960294
20.9	-0.960294
20.925	-0.958073
20.925	-0.958073
20.95	-0.955793
20.95	-0.955793
20.975	-0.953454
20.975	-0.953454
21	-0.951057
21	-0.951057
21.025	-0.9486
21.025	-0.9486
21.05	-0.946085
21.05	-0.946085
21.075	-0.943512
21.075	-0.943512
21.1	-0.940881
21.1	-0.940881
21.125	-0.938191
21.125	-0.938191
21.15	-0.935444
21.15	-0.935444
21.175	-0.932639
21.175	-0.932639
21.2	-0.929776
21.2	-0.929776
21.225	-0.926857
21.225	-0.926857
21.25	-0.92388
21.25	-0.92388
21.275	-0.920846
21.275	-0.920846
21.3	-0.917755
21.3	-0.917755
21.325	-0.914607
21.325	-0.914607
21.35	-0.911403
21.35	-0.911403
21.375	-0.908143
21.375	-0.908143
21.4	-0.904827
21.4	-0.904827
21.425	-0.901455
21.425	-0.901455
21.45	-0.898028
21.45	-0.898028
21.475	-0.894545
21.475	-0.894545
21.5	-0.891007
21.5	-0.891007
21.525	-0.887413
21.525	-0.887413
21.55	-0.883766
21.55	-0.883766
21.575	-0.880063
21.575	-0.880063
21.6	-0.876307
21.6	-0.876307
21.625	-0.872496
21.625	-0.872496
21.65	-0.868632
21.65	-0.868632
21.675	-0.864713
21.675	-0.864713
21.7	-0.860742
21.7	-0.860742
21.725	-0.856718
21.725	-0.856718
21.75	-0.85264
21.75	-0.85264
21.775	-0.84851
21.775	-0.84851
21.8	-0.844328
21.8	-0.844328
21.825	-0.840094
21.825	-0.840094
21.85	-0.835807
21.85	-0.835807
21.875	-0.83147
21.875	-0.83147
21.9	-0.827081
21.9	-0.827081
21.925	-0.822641
21.925	-0.822641
21.95	-0.81815
21.95	-0.81815
21.975	-0.813608
21.975	-0.813608
22	-0.809017
22	-0.809017
22.025	-0.804376
22.025	-0.804376
22.05	-0.799685
22.05	-0.799685
22.075	-0.794944
22.075	-0.794944
22.1	-0.790155
22.1	-0.790155
22.125	-0.785317
22.125	-0.785317
22.15	-0.78043
22.15	-0.78043
22.175	-0.775496
22.175	-0.775496
22.2	-0.770513
22.2	-0.770513
22.225	-0.765483
22.225	-0.765483
22.25	-0.760406
22.25	-0.760406
22.275	-0.755282
22.275	-0.755282
22.3	-0.750111
22.3	-0.750111
22.325	-0.744894
22.325	-0.744894
22.35	-0.739631
22.35	-0.739631
22.375	-0.734322
22.375	-0.734322
22.4	-0.728969
22.4	-0.728969
22.425	-0.72357
22.425	-0.72357
22.45	-0.718126
22.45	-0.718126
22.475	-0.712638
22.475	-0.712638
22.5	-0.707107
22.5	-0.707107
22.525	-0.701531
22.525	-0.701531
22.55	-0.695913
22.55	-0.695913
22.575	-0.690251
22.575	-0.690251
22.6	-0.684547
22.6	-0.684547
22.625	-0.678801
22.625	-0.678801
22.65	-0.673012
22.65	-0.673012
22.675	-0.667183
22.675	-0.667183
22.7	-0.661312
22.7	-0.661312
22.725	-0.6554
22.725	-0.6554
22.75	-0.649448
22.75	-0.649448
22.775	-0.643456
22.775	-0.643456
22.8	-0.637424
22.8	-0.637424
22.825	-0.631353
22.825	-0.631353
22.85	-0.625243
22.85	-0.625243
22.875	-0.619094
22.875	-0.619094
22.9	-0.612907
22.9	-0.612907
22.925	-0.606682
22.925	-0.606682
22.95	-0.60042
22.95	-0.60042
22.975	-0.594121
22.975	-0.594121
23	-0.587785
23	-0.587785
23.025	-0.581413
23.025	-0.581413
23.05	-0.575005
23.05	-0.575005
23.075	-0.568562
23.075	-0.568562
23.1	-0.562083
23.1	-0.562083
23.125	-0.55557
23.125	-0.55557
23.15	-0.549023
23.15	-0.549023
23.175	-0.542442
23.175	-0.542442
23.2	-0.535827
23.2	-0.535827
23.225	-0.529179
23.225	-0.529179
23.25	-0.522499
23.25	-0.522499
23.275	-0.515786
23.275	-0.515786
23.3	-0.509041
23.3	-0.509041
23.325	-0.502266
23.325	-0.502266
23.35	-0.495459
23.35	-0.495459
23.375	-0.488621
23.375	-0.488621
23.4	-0.481754
23.4	-0.481754
23.425	-0.474856
23.425	-0.474856
23.45	-0.46793
23.45	-0.46793
23.475	-0.460974
23.475	-0.460974
23.5	-0.45399
23.5	-0.45399
23.525	-0.446979
23.525	-0.446979
23.55	-0.439939
23.55	-0.439939
23.575	-0.432873
23.575	-0.432873
23.6	-0.425779
23.6	-0.425779
23.625	-0.41866
23.625	-0.41866
23.65	-0.411514
23.65	-0.411514
23.675	-0.404344
23.675	-0.404344
23.7	-0.397148
23.7	-0.397148
23.725	-0.389928
23.725	-0.389928
23.75	-0.382683
23.75	-0.382683
23.775	-0.375416
23.775	-0.375416
23.8	-0.368125
23.8	-0.368125
23.825	-0.360811
23.825	-0.360811
23.85	-0.353475
23.85	-0.353475
23.875	-0.346117
23.875	-0.346117
23.9	-0.338738
23.9	-0.338738
23.925	-0.331338
23.925	-0.331338
23.95	-0.323917
23.95	-0.323917
23.975	-0.316477
23.975	-0.316477
24	-0.309017
24	-0.309017
24.025	-0.301538
24.025	-0.301538
24.05	-0.29404
24.05	-0.29404
24.075	-0.286525
24.075	-0.286525
24.1	-0.278991
24.1	-0.278991
24.125	-0.27144
24.125	-0.27144
24.15	-0.263873
24.15	-0.263873
24.175	-0.256289
24.175	-0.256289
24.2	-0.24869
24.2	-0.24869
24.225	-0.241075
24.225	-0.241075
24.25	-0.233445
24.25	-0.233445
24.275	-0.225801
24.275	-0.225801
24.3	-0.218143
24.3	-0.218143
24.325	-0.210472
24.325	-0.210472
24.35	-0.202787
24.35	-0.202787
24.375	-0.19509
24.375	-0.19509
24.4	-0.187381
24.4	-0.187381
24.425	-0.179661
24.425	-0.179661
24.45	-0.171929
24.45	-0.171929
24.475	-0.164187
24.475	-0.164187
24.5	-0.156434
24.5	-0.156434
24.525	-0.148672
24.525	-0.148672
24.55	-0.140901
24.55	-0.140901
24.575	-0.133121
24.575	-0.133121
24.6	-0.125333
24.6	-0.125333
24.625	-0.117537
24.625	-0.117537
24.65	-0.109734
24.65	-0.109734
24.675	-0.101924
24.675	-0.101924
24.7	-0.0941083
24.7	-0.0941083
24.725	-0.0862864
24.725	-0.0862864
24.75	-0.0784591
24.75	-0.0784591
24.775	-0.070627
24.775	-0.070627
24.8	-0.0627905
24.8	-0.0627905
24.825	-0.0549502
24.825	-0.0549502
24.85	-0.0471065
24.85	-0.0471065
24.875	-0.0392598
24.875	-0.0392598
24.9	-0.0314108
24.9	-0.0314108
24.925	-0.0235598
24.925	-0.0235598
24.95	-0.0157073
24.95	-0.0157073
24.975	-0.0078539
24.975	-0.0078539
25	-3.67063e-13
25	-3.67063e-13
25.025	0.0078539
25.025	0.0078539
25.05	0.0157073
25.05	0.0157073
25.075	0.0235598
25.075	0.0235598
25.1	0.0314108
25.1	0.0314108
25.125	0.0392598
25.125	0.0392598
25.15	0.0471065
25.15	0.0471065
25.175	0.0549502
25.175	0.0549502
25.2	0.0627905
25.2	0.0627905
25.225	0.070627
25.225	0.070627
25.25	0.0784591
25.25	0.0784591
25.275	0.0862864
25.275	0.0862864
25.3	0.0941083
25.3	0.0941083
25.325	0.101924
25.325	0.101924
25.35	0.109734
25.35	0.109734
25.375	0.117537
25.375	0.117537
25.4	0.125333
25.4	0.125333
25.425	0.133121
25.425	0.133121
25.45	0.140901
25.45	0.140901
25.475	0.148672
25.475	0.148672
25.5	0.156434
25.5	0.156434
25.525	0.164187
25.525	0.164187
25.55	0.171929
25.55	0.171929
25.575	0.179661
25.575	0.179661
25.6	0.187381
25.6	0.187381
25.625	0.19509
25.625	0.19509
25.65	0.202787
25.65	0.202787
25.675	0.210472
25.675	0.210472
25.7	0.218143
25.7	0.218143
25.725	0.225801
25.725	0.225801
25.75	0.233445
25.75	0.233445
25.775	0.241075
25.775	0.241075
25.8	0.24869
25.8	0.24869
25.825	0.256289
25.825	0.256289
25.85	0.263873
25.85	0.263873
25.875	0.27144
25.875	0.27144
25.9	0.278991
25.9	0.278991
25.925	0.286525
25.925	0.286525
25.95	0.29404
25.95	0.29404
25.975	0.301538
25.975	0.301538
26	0.309017
26	0.309017
26.025	0.316477
26.025	0.316477
26.05	0.323917
26.05	0.323917
26.075	0.331338
26.075	0.331338
26.1	0.338738
26.1	0.338738
26.125	0.346117
26.125	0.346117
26.15	0.353475
26.15	0.353475
26.175	0.360811
26.175	0.360811
26.2	0.368125
26.2	0.368125
26.225	0.375416
26.225	0.375416
26.25	0.382683
26.25	0.382683
26.275	0.389928
26.275	0.389928
26.3	0.397148
26.3	0.397148
26.325	0.404344
26.325	0.404344
26.35	0.411514
26.35	0.411514
26.375	0.41866
26.375	0.41866
26.4	0.425779
26.4	0.425779
26.425	0.432873
26.425	0.432873
26.45	0.439939
26.45	0.439939
26.475	0.446979
26.475	0.446979
26.5	0.45399
26.5	0.45399
26.525	0.460974
26.525	0.460974
26.55	0.46793
26.55	0.46793
26.575	0.474856
26.575	0.474856
26.6	0.481754
26.6	0.481754
26.625	0.488621
26.625	0.488621
26.65	0.495459
26.65	0.495459
26.675	0.502266
26.675	0.502266
26.7	0.509041
26.7	0.509041
26.725	0.515786
26.725	0.515786
26.75	0.522499
26.75	0.522499
26.775	0.529179
26.775	0.529179
26.8	0.535827
26.8	0.535827
26.825	0.542442
26.825	0.542442
26.85	0.549023
26.85	0.549023
26.875	0.55557
26.875	0.55557
26.9	0.562083
26.9	0.562083
26.925	0.568562
26.925	0.568562
26.95	0.575005
26.95	0.575005
26.975	0.581413
26.975	0.581413
27	0.587785
27	0.587785
27.025	0.594121
27.025	0.594121
27.05	0.60042
27.05	0.60042
27.075	0.606682
27.075	0.606682
27.1	0.612907
27.1	0.612907
27.125	0.619094
27.125	0.619094
27.15	0.625243
27.15	0.625243
27.175	0.631353
27.175	0.631353
27.2	0.637424
27.2	0.637424
27.225	0.643456
27.225	0.643456
27.25	0.649448
27.25	0.649448
27.275	0.6554
27.275	0.6554
27.3	0.661312
27.3	0.661312
27.325	0.667183
27.325	0.667183
27.35	0.673012
27.35	0.673012
27.375	0.678801
27.375	0.678801
27.4	0.684547
27.4	0.684547
27.425	0.690251
27.425	0.690251
27.45	0.695913
27.45	0.695913
27.475	0.701531
27.475	0.701531
27.5	0.707107
27.5	0.707107
27.525	0.712638
27.525	0.712638
27.55	0.718126
27.55	0.718126
27.575	0.72357
27.575	0.72357
27.6	0.728969
27.6	0.728969
27.625	0.734322
27.625	0.734322
27.65	0.739631
27.65	0.739631
27.675	0.744894
27.675	0.744894
27.7	0.750111
27.7	0.750111
27.725	0.755282
27.725	0.755282
27.75	0.760406
27.75	0.760406
27.775	0.765483
27.775	0.765483
27.8	0.770513
27.8	0.770513
27.825	0.775496
27.825	0.775496
27.85	0.78043
27.85	0.78043
27.875	0.785317
27.875	0.785317
27.9	0.790155
27.9	0.790155
27.925	0.794944
27.925	0.794944
27.95	0.799685
27.95	0.799685
27.975	0.804376
27.975	0.804376
28	0.809017
28	0.809017
28.025	0.813608
28.025	0.813608
28.05	0.81815
28.05	0.81815
28.075	0.822641
28.075	0.822641
28.1	0.827081
28.1	0.827081
28.125	0.83147
28.125	0.83147
28.15	0.835807
28.15	0.835807
28.175	0.840094
28.175	0.840094
28.2	0.844328
28.2	0.844328
28.225	0.84851
28.225	0.84851
28.25	0.85264
28.25	0.85264
28.275	0.856718
28.275	0.856718
28.3	0.860742
28.3	0.860742
28.325	0.864713
28.325	0.864713
28.35	0.868632
28.35	0.868632
28.375	0.872496
28.375	0.872496
28.4	0.876307
28.4	0.876307
28.425	0.880063
28.425	0.880063
28.45	0.883766
28.45	0.883766
28.475	0.887413
28.475	0.887413
28.5	0.891007
28.5	0.891007
28.525	0.894545
28.525	0.894545
28.55	0.898028
28.55	0.898028
28.575	0.901455
28.575	0.901455
28.6	0.904827
28.6	0.904827
28.625	0.908143
28.625	0.908143
28.65	0.911403
28.65	0.911403
28.675	0.914607
28.675	0.914607
28.7	0.917755
28.7	0.917755
28.725	0.920846
28.725	0.920846
28.75	0.92388
28.75	0.92388
28.775	0.926857
28.775	0.926857
28.8	0.929776
28.8	0.929776
28.825	0.932639
28.825	0.932639
28.85	0.935444
28.85	0.935444
28.875	0.938191
28.875	0.938191
28.9	0.940881
28.9	0.940881
28.925	0.943512
28.925	0.943512
28.95	0.946085
28.95	0.946085
28.975	0.9486
28.975	0.9486
29	0.951057
29	0.951057
29.025	0.953454
29.025	0.953454
29.05	0.955793
29.05	0.955793
29.075	0.958073
29.075	0.958073
29.1	0.960294
29.1	0.960294
29.125	0.962455
29.125	0.962455
29.15	0.964557
29.15	0.964557
29.175	0.9666
29.175	0.9666
29.2	0.968583
29.2	0.968583
29.225	0.970506
29.225	0.970506
29.25	0.97237
29.25	0.97237
29.275	0.974173
29.275	0.974173
29.3	0.975917
29.3	0.975917
29.325	0.9776
29.325	0.9776
29.35	0.979223
29.35	0.979223
29.375	0.980785
29.375	0.980785
29.4	0.982287
29.4	0.982287
29.425	0.983729
29.425	0.983729
29.45	0.985109
29.45	0.985109
29.475	0.986429
29.475	0.986429
29.5	0.987688
29.5	0.987688
29.525	0.988886
29.525	0.988886
29.55	0.990024
29.55	0.990024
29.575	0.9911
29.575	0.9911
29.6	0.992115
29.6	0.992115
29.625	0.993068
29.625	0.993068
29.65	0.993961
29.65	0.993961
29.675	0.994792
29.675	0.994792
29.7	0.995562
29.7	0.995562
29.725	0.99627
29.725	0.99627
29.75	0.996917
29.75	0.996917
29.775	0.997503
29.775	0.997503
29.8	0.998027
29.8	0.998027
29.825	0.998489
29.825	0.998489
29.85	0.99889
29.85	0.99889
29.875	0.999229
29.875	0.999229
29.9	0.999507
29.9	0.999507
29.925	0.999722
29.925	0.999722
29.95	0.999877
29.95	0.999877
29.975	0.999969
29.975	0.999969
30	1
30	1
30.025	0.999969
30.025	0.999969
30.05	0.999877
30.05	0.999877
30.075	0.999722
30.075	0.999722
30.1	0.999507
30.1	0.999507
30.125	0.999229
30.125	0.999229
30.15	0.99889
30.15	0.99889
30.175	0.998489
30.175	0.998489
30.2	0.998027
30.2	0.998027
30.225	0.997503
30.225	0.997503
30.25	0.996917
30.25	0.996917
30.275	0.99627
30.275	0.99627
30.3	0.995562
30.3	0.995562
30.325	0.994792
30.325	0.994792
30.35	0.993961
30.35	0.993961
30.375	0.993068
30.375	0.993068
30.4	0.992115
30.4	0.992115
30.425	0.9911
30.425	0.9911
30.45	0.990024
30.45	0.990024
30.475	0.988886
30.475	0.988886
30.5	0.987688
30.5	0.987688
30.525	0.986429
30.525	0.986429
30.55	0.985109
30.55	0.985109
30.575	0.983729
30.575	0.983729
30.6	0.982287
30.6	0.982287
30.625	0.980785
30.625	0.980785
30.65	0.979223
30.65	0.979223
30.675	0.9776
30.675	0.9776
30.7	0.975917
30.7	0.975917
30.725	0.974173
30.725	0.974173
30.75	0.97237
30.75	0.97237
30.775	0.970506
30.775	0.970506
30.8	0.968583
30.8	0.968583
30.825	0.9666
30.825	0.9666
30.85	0.964557
30.85	0.964557
30.875	0.962455
30.875	0.962455
30.9	0.960294
30.9	0.960294
30.925	0.958073
30.925	0.958073
30.95	0.955793
30.95	0.955793
30.975	0.953454
30.975	0.953454
31	0.951057
31	0.951057
31.025	0.9486
31.025	0.9486
31.05	0.946085
31.05	0.946085
31.075	0.943512
31.075	0.943512
31.1	0.940881
31.1	0.940881
31.125	0.938191
31.125	0.938191
31.15	0.935444
31.15	0.935444
31.175	0.932639
31.175	0.932639
31.2	0.929776
31.2	0.929776
31.225	0.926857
31.225	0.926857
31.25	0.92388
31.25	0.92388
31.275	0.920846
31.275	0.920846
31.3	0.917755
31.3	0.917755
31.325	0.914607
31.325	0.914607
31.35	0.911403
31.35	0.911403
31.375	0.908143
31.375	0.908143
31.4	0.904827
31.4	0.904827
31.425	0.901455
31.425	0.901455
31.45	0.898028
31.45	0.898028
31.475	0.894545
31.475	0.894545
31.5	0.891007
31.5	0.891007
31.525	0.887413
31.525	0.887413
31.55	0.883766
31.55	0.883766
31.575	0.880063
31.575	0.880063
31.6	0.876307
31.6	0.876307
31.625	0.872496
31.625	0.872496
31.65	0.868632
31.65	0.868632
31.675	0.864713
31.675	0.864713
31.7	0.860742
31.7	0.860742
31.725	0.856718
31.725	0.856718
31.75	0.85264
31.75	0.85264
31.775	0.84851
31.775	0.84851
31.8	0.844328
31.8	0.844328
31.825	0.840094
31.825	0.840094
31.85	0.835807
31.85	0.835807
31.875	0.83147
31.875	0.83147
31.9	0.827081
31.9	0.827081
31.925	0.822641
31.925	0.822641
31.95	0.81815
31.95	0.81815
31.975	0.813608
31.975	0.813608
32	0.809017
32	0.809017
32.025	0.804376
32.025	0.804376
32.05	0.799685
32.05	0.799685
32.075	0.794944
32.075	0.794944
32.1	0.790155
32.1	0.790155
32.125	0.785317
32.125	0.785317
32.15	0.78043
32.15	0.78043
32.175	0.775496
32.175	0.775496
32.2	0.770513
32.2	0.770513
32.225	0.765483
32.225	0.765483
32.25	0.760406
32.25	0.760406
32.275	0.755282
32.275	0.755282
32.3	0.750111
32.3	0.750111
32.325	0.744894
32.325	0.744894
32.35	0.739631
32.35	0.739631
32.375	0.734322
32.375	0.734322
32.4	0.728969
32.4	0.728969
32.425	0.72357
32.425	0.72357
32.45	0.718126
32.45	0.718126
32.475	0.712638
32.475	0.712638
32.5	0.707107
32.5	0.707107
32.525	0.701531
32.525	0.701531
32.55	0.695913
32.55	0.695913
32.575	0.690251
32.575	0.690251
32.6	0.684547
32.6	0.684547
32.625	0.678801
32.625	0.678801
32.65	0.673012
32.65	0.673012
32.675	0.667183
32.675	0.667183
32.7	0.661312
32.7	0.661312
32.725	0.6554
32.725	0.6554
32.75	0.649448
32.75	0.649448
32.775	0.643456
32.775	0.643456
32.8	0.637424
32.8	0.637424
32.825	0.631353
32.825	0.631353
32.85	0.625243
32.85	0.625243
32.875	0.619094
32.875	0.619094
32.9	0.612907
32.9	0.612907
32.925	0.606682
32.925	0.606682
32.95	0.60042
32.95	0.60042
32.975	0.594121
32.975	0.594121
33	0.587785
33	0.587785
33.025	0.581413
33.025	0.581413
33.05	0.575005
33.05	0.575005
33.075	0.568562
33.075	0.568562
33.1	0.562083
33.1	0.562083
33.125	0.55557
33.125	0.55557
33.15	0.549023
33.15	0.549023
33.175	0.542442
33.175	0.542442
33.2	0.535827
33.2	0.535827
33.225	0.529179
33.225	0.529179
33.25	0.522499
33.25	0.522499
33.275	0.515786
33.275	0.515786
33.3	0.509041
33.3	0.509041
33.325	0.502266
33.325	0.502266
33.35	0.495459
33.35	0.495459
33.375	0.488621
33.375	0.488621
33.4	0.481754
33.4	0.481754
33.425	0.474856
33.425	0.474856
33.45	0.46793
33.45	0.46793
33.475	0.460974
33.475	0.460974
33.5	0.45399
33.5	0.45399
33.525	0.446979
33.525	0.446979
33.55	0.439939
33.55	0.439939
33.575	0.432873
33.575	0.432873
33.6	0.425779
33.6	0.425779
33.625	0.41866
33.625	0.41866
33.65	0.411514
33.65	0.411514
33.675	0.404344
33.675	0.404344
33.7	0.397148
33.7	0.397148
33.725	0.389928
33.725	0.389928
33.75	0.382683
33.75	0.382683
33.775	0.375416
33.775	0.375416
33.8	0.368125
33.8	0.368125
33.825	0.360811
33.825	0.360811
33.85	0.353475
33.85	0.353475
33.875	0.346117
33.875	0.346117
33.9	0.338738
33.9	0.338738
33.925	0.331338
33.925	0.331338
33.95	0.323917
33.95	0.323917
33.975	0.316477
33.975	0.316477
34	0.309017
34	0.309017
34.025	0.301538
34.025	0.301538
34.05	0.29404
34.05	0.29404
34.075	0.286525
34.075	0.286525
34.1	0.278991
34.1	0.278991
34.125	0.27144
34.125	0.27144
34.15	0.263873
34.15	0.263873
34.175	0.256289
34.175	0.256289
34.2	0.24869
34.2	0.24869
34.225	0.241075
34.225	0.241075
34.25	0.233445
34.25	0.233445
34.275	0.225801
34.275	0.225801
34.3	0.218143
34.3	0.218143
34.325	0.210472
34.325	0.210472
34.35	0.202787
34.35	0.202787
34.375	0.19509
34.375	0.19509
34.4	0.187381
34.4	0.187381
34.425	0.179661
34.425	0.179661
34.45	0.171929
34.45	0.171929
34.475	0.164187
34.475	0.164187
34.5	0.156434
34.5	0.156434
34.525	0.148672
34.525	0.148672
34.55	0.140901
34.55	0.140901
34.575	0.133121
34.575	0.133121
34.6	0.125333
34.6	0.125333
34.625	0.117537
34.625	0.117537
34.65	0.109734
34.65	0.109734
34.675	0.101924
34.675	0.101924
34.7	0.0941083
34.7	0.0941083
34.725	0.0862864
34.725	0.0862864
34.75	0.0784591
34.75	0.0784591
34.775	0.070627
34.775	0.070627
34.8	0.0627905
34.8	0.0627905
34.825	0.0549502
34.825	0.0549502
34.85	0.0471065
34.85	0.0471065
34.875	0.0392598
34.875	0.0392598
34.9	0.0314108
34.9	0.0314108
34.925	0.0235598
34.925	0.0235598
34.95	0.0157073
34.95	0.0157073
34.975	0.0078539
34.975	0.0078539
35	-1.6661e-13
35	-1.6661e-13
35.025	-0.0078539
35.025	-0.0078539
35.05	-0.0157073
35.05	-0.0157073
35.075	-0.0235598
35.075	-0.0235598
35.1	-0.0314108
35.1	-0.0314108
35.125	-0.0392598
35.125	-0.0392598
35.15	-0.0471065
35.15	-0.0471065
35.175	-0.0549502
35.175	-0.0549502
35.2	-0.0627905
35.2	-0.0627905
35.225	-0.070627
35.225	-0.070627
35.25	-0.0784591
35.25	-0.0784591
35.275	-0.0862864
35.275	-0.0862864
35.3	-0.0941083
35.3	-0.0941083
35.325	-0.101924
35.325	-0.101924
35.35	-0.109734
35.35	-0.109734
35.375	-0.117537
35.375	-0.117537
35.4	-0.125333
35.4	-0.125333
35.425	-0.133121
35.425	-0.133121
35.45	-0.140901
35.45	-0.140901
35.475	-0.148672
35.475	-0.148672
35.5	-0.156434
35.5	-0.156434
35.525	-0.164187
35.525	-0.164187
35.55	-0.171929
35.55	-0.171929
35.575	-0.179661
35.575	-0.179661
35.6	-0.187381
35.6	-0.187381
35.625	-0.19509
35.625	-0.19509
35.65	-0.202787
35.65	-0.202787
35.675	-0.210472
35.675	-0.210472
35.7	-0.218143
35.7	-0.218143
35.725	-0.225801
35.725	-0.225801
35.75	-0.233445
35.75	-0.233445
35.775	-0.241075
35.775	-0.241075
35.8	-0.24869
35.8	-0.24869
35.825	-0.256289
35.825	-0.256289
35.85	-0.263873
35.85	-0.263873
35.875	-0.27144
35.875	-0.27144
35.9	-0.278991
35.9	-0.278991
35.925	-0.286525
35.925	-0.286525
35.95	-0.29404
35.95	-0.29404
35.975	-0.301538
35.975	-0.301538
36	-0.309017
36	-0.309017
36.025	-0.316477
36.025	-0.316477
36.05	-0.323917
36.05	-0.323917
36.075	-0.331338
36.075	-0.331338
36.1	-0.338738
36.1	-0.338738
36.125	-0.346117
36.125	-0.346117
36.15	-0.353475
36.15	-0.353475
36.175	-0.360811
36.175	-0.360811
36.2	-0.368125
36.2	-0.368125
36.225	-0.375416
36.225	-0.375416
36.25	-0.382683
36.25	-0.382683
36.275	-0.389928
36.275	-0.389928
36.3	-0.397148
36.3	-0.397148
36.325	-0.404344
36.325	-0.404344
36.35	-0.411514
36.35	-0.411514
36.375	-0.41866
36.375	-0.41866
36.4	-0.425779
36.4	-0.425779
36.425	-0.432873
36.425	-0.432873
36.45	-0.439939
36.45	-0.439939
36.475	-0.446979
36.475	-0.446979
36.5	-0.45399
36.5	-0.45399
36.525	-0.460974
36.525	-0.460974
36.55	-0.46793
36.55	-0.46793
36.575	-0.474856
36.575	-0.474856
36.6	-0.481754
36.6	-0.481754
36.625	-0.488621
36.625	-0.488621
36.65	-0.495459
36.65	-0.495459
36.675	-0.502266
36.675	-0.502266
36.7	-0.509041
36.7	-0.509041
36.725	-0.515786
36.725	-0.515786
36.75	-0.522499
36.75	-0.522499
36.775	-0.529179
36.775	-0.529179
36.8	-0.535827
36.8	-0.535827
36.825	-0.542442
36.825	-0.542442
36.85	-0.549023
36.85	-0.549023
36.875	-0.55557
36.875	-0.55557
36.9	-0.562083
36.9	-0.562083
36.925	-0.568562
36.925	-0.568562
36.95	-0.575005
36.95	-0.575005
36.975	-0.581413
36.975	-0.581413
37	-0.587785
37	-0.587785
37.025	-0.594121
37.025	-0.594121
37.05	-0.60042
37.05	-0.60042
37.075	-0.606682
37.075	-0.606682
37.1	-0.612907
37.1	-0.612907
37.125	-0.619094
37.125	-0.619094
37.15	-0.625243
37.15	-0.625243
37.175	-0.631353
37.175	-0.631353
37.2	-0.637424
37.2	-0.637424
37.225	-0.643456
37.225	-0.643456
37.25	-0.649448
37.25	-0.649448
37.275	-0.6554
37.275	-0.6554
37.3	-0.661312
37.3	-0.661312
37.325	-0.667183
37.325	-0.667183
37.35	-0.673012
37.35	-0.673012
37.375	-0.678801
37.375	-0.678801
37.4	-0.684547
37.4	-0.684547
37.425	-0.690251
37.425	-0.690251
37.45	-0.695913
37.45	-0.695913
37.475	-0.701531
37.475	-0.701531
37.5	-0.707107
37.5	-0.707107
37.525	-0.712638
37.525	-0.712638
37.55	-0.718126
37.55	-0.718126
37.575	-0.72357
37.575	-0.72357
37.6	-0.728969
37.6	-0.728969
37.625	-0.734322
37.625	-0.734322
37.65	-0.739631
37.65	-0.739631
37.675	-0.744894
37.675	-0.744894
37.7	-0.750111
37.7	-0.750111
37.725	-0.755282
37.725	-0.755282
37.75	-0.760406
37.75	-0.760406
37.775	-0.765483
37.775	-0.765483
37.8	-0.770513
37.8	-0.770513
37.825	-0.775496
37.825	-0.775496
37.85	-0.78043
37.85	-0.78043
37.875	-0.785317
37.875	-0.785317
37.9	-0.790155
37.9	-0.790155
37.925	-0.794944
37.925	-0.794944
37.95	-0.799685
37.95	-0.799685
37.975	-0.804376
37.975	-0.804376
38	-0.809017
38	-0.809017
38.025	-0.813608
38.025	-0.813608
38.05	-0.81815
38.05	-0.81815
38.075	-0.822641
38.075	-0.822641
38.1	-0.827081
38.1	-0.827081
38.125	-0.83147
38.125	-0.83147
38.15	-0.835807
38.15	-0.835807
38.175	-0.840094
38.175	-0.840094
38.2	-0.844328
38.2	-0.844328
38.225	-0.84851
38.225	-0.84851
38.25	-0.85264
38.25	-0.85264
38.275	-0.856718
38.275	-0.856718
38.3	-0.860742
38.3	-0.860742
38.325	-0.864713
38.325	-0.864713
38.35	-0.868632
38.35	-0.868632
38.375	-0.872496
38.375	-0.872496
38.4	-0.876307
38.4	-0.876307
38.425	-0.880063
38.425	-0.880063
38.45	-0.883766
38.45	-0.883766
38.475	-0.887413
38.475	-0.887413
38.5	-0.891007
38.5	-0.891007
38.525	-0.894545
38.525	-0.894545
38.55	-0.898028
38.55	-0.898028
38.575	-0.901455
38.575	-0.901455
38.6	-0.904827
38.6	-0.904827
38.625	-0.908143
38.625	-0.908143
38.65	-0.911403
38.65	-0.911403
38.675	-0.914607
38.675	-0.914607
38.7	-0.917755
38.7	-0.917755
38.725	-0.920846
38.725	-0.920846
38.75	-0.92388
38.75	-0.92388
38.775	-0.926857
38.775	-0.926857
38.8	-0.929776
38.8	-0.929776
38.825	-0.932639
38.825	-0.932639
38.85	-0.935444
38.85	-0.935444
38.875	-0.938191
38.875	-0.938191
38.9	-0.940881
38.9	-0.940881
38.925	-0.943512
38.925	-0.943512
38.95	-0.946085
38.95	-0.946085
38.975	-0.9486
38.975	-0.9486
39	-0.951057
39	-0.951057
39.025	-0.953454
39.025	-0.953454
39.05	-0.955793
39.05	-0.955793
39.075	-0.958073
39.075	-0.958073
39.1	-0.960294
39.1	-0.960294
39.125	-0.962455
39.125	-0.962455
39.15	-0.964557
39.15	-0.964557
39.175	-0.9666
39.175	-0.9666
39.2	-0.968583
39.2	-0.968583
39.225	-0.970506
39.225	-0.970506
39.25	-0.97237
39.25	-0.97237
39.275	-0.974173
39.275	-0.974173
39.3	-0.975917
39.3	-0.975917
39.325	-0.9776
39.325	-0.9776
39.35	-0.979223
39.35	-0.979223
39.375	-0.980785
39.375	-0.980785
39.4	-0.982287
39.4	-0.982287
39.425	-0.983729
39.425	-0.983729
39.45	-0.985109
39.45	-0.985109
39.475	-0.986429
39.475	-0.986429
39.5	-0.987688
39.5	-0.987688
39.525	-0.988886
39.525	-0.988886
39.55	-0.990024
39.55	-0.990024
39.575	-0.9911
39.575	-0.9911
39.6	-0.992115
39.6	-0.992115
39.625	-0.993068
39.625	-0.993068
39.65	-0.993961
39.65	-0.993961
39.675	-0.994792
39.675	-0.994792
39.7	-0.995562
39.7	-0.995562
39.725	-0.99627
39.725	-0.99627
39.75	-0.996917
39.75	-0.996917
39.775	-0.997503
39.775	-0.997503
39.8	-0.998027
39.8	-0.998027
39.825	-0.998489
39.825	-0.998489
39.85	-0.99889
39.85	-0.99889
39.875	-0.999229
39.875	-0.999229
39.9	-0.999507
39.9	-0.999507
39.925	-0.999722
39.925	-0.999722
39.95	-0.999877
39.95	-0.999877
39.975	-0.999969
39.975	-0.999969
40	-1
40	-1
40.025	-0.999969
40.025	-0.999969
40.05	-0.999877
40.05	-0.999877
40.075	-0.999722
40.075	-0.999722
40.1	-0.999507
40.1	-0.999507
40.125	-0.999229
40.125	-0.999229
40.15	-0.99889
40.15	-0.99889
40.175	-0.998489
40.175	-0.998489
40.2	-0.998027
40.2	-0.998027
40.225	-0.997503
40.225	-0.997503
40.25	-0.996917
40.25	-0.996917
40.275	-0.99627
40.275	-0.99627
40.3	-0.995562
40.3	-0.995562
40.325	-0.994792
40.325	-0.994792
40.35	-0.993961
40.35	-0.993961
40.375	-0.993068
40.375	-0.993068
40.4	-0.992115
40.4	-0.992115
40.425	-0.9911
40.425	-0.9911
40.45	-0.990024
40.45	-0.990024
40.475	-0.988886
40.475	-0.988886
40.5	-0.987688
40.5	-0.987688
40.525	-0.986429
40.525	-0.986429
40.55	-0.985109
40.55	-0.985109
40.575	-0.983729
40.575	-0.983729
40.6	-0.982287
40.6	-0.982287
40.625	-0.980785
40.625	-0.980785
40.65	-0.979223
40.65	-0.979223
40.675	-0.9776
40.675	-0.9776
40.7	-0.975917
40.7	-0.975917
40.725	-0.974173
40.725	-0.974173
40.75	-0.97237
40.75	-0.97237
40.775	-0.970506
40.775	-0.970506
40.8	-0.968583
40.8	-0.968583
40.825	-0.9666
40.825	-0.9666
40.85	-0.964557
40.85	-0.964557
40.875	-0.962455
40.875	-0.962455
40.9	-0.960294
40.9	-0.960294
40.925	-0.958073
40.925	-0.958073
40.95	-0.955793
40.95	-0.955793
40.975	-0.953454
40.975	-0.953454
41	-0.951057
41	-0.951057
41.025	-0.9486
41.025	-0.9486
41.05	-0.946085
41.05	-0.946085
41.075	-0.943512
41.075	-0.943512
41.1	-0.940881
41.1	-0.940881
41.125	-0.938191
41.125	-0.938191
41.15	-0.935444
41.15	-0.935444
41.175	-0.932639
41.175	-0.932639
41.2	-0.929776
41.2	-0.929776
41.225	-0.926857
41.225	-0.926857
41.25	-0.92388
41.25	-0.92388
41.275	-0.920846
41.275	-0.920846
41.3	-0.917755
41.3	-0.917755
41.325	-0.914607
41.325	-0.914607
41.35	-0.911403
41.35	-0.911403
41.375	-0.908143
41.375	-0.908143
41.4	-0.904827
41.4	-0.904827
41.425	-0.901455
41.425	-0.901455
41.45	-0.898028
41.45	-0.898028
41.475	-0.894545
41.475	-0.894545
41.5	-0.891007
41.5	-0.891007
41.525	-0.887413
41.525	-0.887413
41.55	-0.883766
41.55	-0.883766
41.575	-0.880063
41.575	-0.880063
41.6	-0.876307
41.6	-0.876307
41.625	-0.872496
41.625	-0.872496
41.65	-0.868632
41.65	-0.868632
41.675	-0.864713
41.675	-0.864713
41.7	-0.860742
41.7	-0.860742
41.725	-0.856718
41.725	-0.856718
41.75	-0.85264
41.75	-0.85264
41.775	-0.84851
41.775	-0.84851
41.8	-0.844328
41.8	-0.844328
41.825	-0.840094
41.825	-0.840094
41.85	-0.835807
41.85	-0.835807
41.875	-0.83147
41.875	-0.83147
41.9	-0.827081
41.9	-0.827081
41.925	-0.822641
41.925	-0.822641
41.95	-0.81815
41.95	-0.81815
41.975	-0.813608
41.975	-0.813608
42	-0.809017
42	-0.809017
42.025	-0.804376
42.025	-0.804376
42.05	-0.799685
42.05	-0.799685
42.075	-0.794944
42.075	-0.794944
42.1	-0.790155
42.1	-0.790155
42.125	-0.785317
42.125	-0.785317
42.15	-0.78043
42.15	-0.78043
42.175	-0.775496
42.175	-0.775496
42.2	-0.770513
42.2	-0.770513
42.225	-0.765483
42.225	-0.765483
42.25	-0.760406
42.25	-0.760406
42.275	-0.755282
42.275	-0.755282
42.3	-0.750111
42.3	-0.750111
42.325	-0.744894
42.325	-0.744894
42.35	-0.739631
42.35	-0.739631
42.375	-0.734322
42.375	-0.734322
42.4	-0.728969
42.4	-0.728969
42.425	-0.72357
42.425	-0.72357
42.45	-0.718126
42.45	-0.718126
42.475	-0.712638
42.475	-0.712638
42.5	-0.707107
42.5	-0.707107
42.525	-0.701531
42.525	-0.701531
42.55	-0.695913
42.55	-0.695913
42.575	-0.690251
42.575	-0.690251
42.6	-0.684547
42.6	-0.684547
42.625	-0.678801
42.625	-0.678801
42.65	-0.673012
42.65	-0.673012
42.675	-0.667183
42.675	-0.667183
42.7	-0.661312
42.7	-0.661312
42.725	-0.6554
42.725	-0.6554
42.75	-0.649448
42.75	-0.649448
42.775	-0.643456
42.775	-0.643456
42.8	-0.637424
42.8	-0.637424
42.825	-0.631353
42.825	-0.631353
42.85	-0.625243
42.85	-0.625243
42.875	-0.619094
42.875	-0.619094
42.9	-0.612907
42.9	-0.612907
42.925	-0.606682
42.925	-0.606682
42.95	-0.60042
42.95	-0.60042
42.975	-0.594121
42.975	-0.594121
43	-0.587785
43	-0.587785
43.025	-0.581413
43.025	-0.581413
43.05	-0.575005
43.05	-0.575005
43.075	-0.568562
43.075	-0.568562
43.1	-0.562083
43.1	-0.562083
43.125	-0.55557
43.125	-0.55557
43.15	-0.549023
43.15	-0.549023
43.175	-0.542442
43.175	-0.542442
43.2	-0.535827
43.2	-0.535827
43.225	-0.529179
43.225	-0.529179
43.25	-0.522499
43.25	-0.522499
43.275	-0.515786
43.275	-0.515786
43.3	-0.509041
43.3	-0.509041
43.325	-0.502266
43.325	-0.502266
43.35	-0.495459
43.35	-0.495459
43.375	-0.488621
43.375	-0.488621
43.4	-0.481754
43.4	-0.481754
43.425	-0.474856
43.425	-0.474856
43.45	-0.46793
43.45	-0.46793
43.475	-0.460974
43.475	-0.460974
43.5	-0.45399
43.5	-0.45399
43.525	-0.446979
43.525	-0.446979
43.55	-0.439939
43.55	-0.439939
43.575	-0.432873
43.575	-0.432873
43.6	-0.425779
43.6	-0.425779
43.625	-0.41866
43.625	-0.41866
43.65	-0.411514
43.65	-0.411514
43.675	-0.404344
43.675	-0.404344
43.7	-0.397148
43.7	-0.397148
43.725	-0.389928
43.725	-0.389928
43.75	-0.382683
43.75	-0.382683
43.775	-0.375416
43.775	-0.375416
43.8	-0.368125
43.8	-0.368125
43.825	-0.360811
43.825	-0.360811
43.85	-0.353475
43.85	-0.353475
43.875	-0.346117
43.875	-0.346117
43.9	-0.338738
43.9	-0.338738
43.925	-0.331338
43.925	-0.331338
43.95	-0.323917
43.95	-0.323917
43.975	-0.316477
43.975	-0.316477
44	-0.309017
44	-0.309017
44.025	-0.301538
44.025	-0.301538
44.05	-0.29404
44.05	-0.29404
44.075	-0.286525
44.075	-0.286525
44.1	-0.278991
44.1	-0.278991
44.125	-0.27144
44.125	-0.27144
44.15	-0.263873
44.15	-0.263873
44.175	-0.256289
44.175	-0.256289
44.2	-0.24869
44.2	-0.24869
44.225	-0.241075
44.225	-0.241075
44.25	-0.233445
44.25	-0.233445
44.275	-0.225801
44.275	-0.225801
44.3	-0.218143
44.3	-0.218143
44.325	-0.210472
44.325	-0.210472
44.35	-0.202787
44.35	-0.202787
44.375	-0.19509
44.375	-0.19509
44.4	-0.187381
44.4	-0.187381
44.425	-0.179661
44.425	-0.179661
44.45	-0.171929
44.45	-0.171929
44.475	-0.164187
44.475	-0.164187
44.5	-0.156434
44.5	-0.156434
44.525	-0.148672
44.525	-0.148672
44.55	-0.140901
44.55	-0.140901
44.575	-0.133121
44.575	-0.133121
44.6	-0.125333
44.6	-0.125333
44.625	-0.117537
44.625	-0.117537
44.65	-0.109734
44.65	-0.109734
44.675	-0.101924
44.675	-0.101924
44.7	-0.0941083
44.7	-0.0941083
44.725	-0.0862864
44.725	-0.0862864
44.75	-0.0784591
44.75	-0.0784591
44.775	-0.070627
44.775	-0.070627
44.8	-0.0627905
44.8	-0.0627905
44.825	-0.0549502
44.825	-0.0549502
44.85	-0.0471065
44.85	-0.0471065
44.875	-0.0392598
44.875	-0.0392598
44.9	-0.0314108
44.9	-0.0314108
44.925	-0.0235598
44.925	-0.0235598
44.95	-0.0157073
44.95	-0.0157073
44.975	-0.0078539
44.975	-0.0078539
45	8.80583e-13
45	8.80583e-13
45.025	0.0078539
45.025	0.0078539
45.05	0.0157073
45.05	0.0157073
45.075	0.0235598
45.075	0.0235598
45.1	0.0314108
45.1	0.0314108
45.125	0.0392598
45.125	0.0392598
45.15	0.0471065
45.15	0.0471065
45.175	0.0549502
45.175	0.0549502
45.2	0.0627905
45.2	0.0627905
45.225	0.070627
45.225	0.070627
45.25	0.0784591
45.25	0.0784591
45.275	0.0862864
45.275	0.0862864
45.3	0.0941083
45.3	0.0941083
45.325	0.101924
45.325	0.101924
45.35	0.109734
45.35	0.109734
45.375	0.117537
45.375	0.117537
45.4	0.125333
45.4	0.125333
45.425	0.133121
45.425	0.133121
45.45	0.140901
45.45	0.140901
45.475	0.148672
45.475	0.148672
45.5	0.156434
45.5	0.156434
45.525	0.164187
45.525	0.164187
45.55	0.171929
45.55	0.171929
45.575	0.179661
45.575	0.179661
45.6	0.187381
45.6	0.187381
45.625	0.19509
45.625	0.19509
45.65	0.202787
45.65	0.202787
45.675	0.210472
45.675	0.210472
45.7	0.218143
45.7	0.218143
45.725	0.225801
45.725	0.225801
45.75	0.233445
45.75	0.233445
45.775	0.241075
45.775	0.241075
45.8	0.24869
45.8	0.24869
45.825	0.256289
45.825	0.256289
45.85	0.263873
45.85	0.263873
45.875	0.27144
45.875	0.27144
45.9	0.278991
45.9	0.278991
45.925	0.286525
45.925	0.286525
45.95	0.29404
45.95	0.29404
45.975	0.301538
45.975	0.301538
46	0.309017
46	0.309017
46.025	0.316477
46.025	0.316477
46.05	0.323917
46.05	0.323917
46.075	0.331338
46.075	0.331338
46.1	0.338738
46.1	0.338738
46.125	0.346117
46.125	0.346117
46.15	0.353475
46.15	0.353475
46.175	0.360811
46.175	0.360811
46.2	0.368125
46.2	0.368125
46.225	0.375416
46.225	0.375416
46.25	0.382683
46.25	0.382683
46.275	0.389928
46.275	0.389928
46.3	0.397148
46.3	0.397148
46.325	0.404344
46.325	0.404344
46.35	0.411514
46.35	0.411514
46.375	0.41866
46.375	0.41866
46.4	0.425779
46.4	0.425779
46.425	0.432873
46.425	0.432873
46.45	0.439939
46.45	0.439939
46.475	0.446979
46.475	0.446979
46.5	0.45399
46.5	0.45399
46.525	0.460974
46.525	0.460974
46.55	0.46793
46.55	0.46793
46.575	0.474856
46.575	0.474856
46.6	0.481754
46.6	0.481754
46.625	0.488621
46.625	0.488621
46.65	0.495459
46.65	0.495459
46.675	0.502266
46.675	0.502266
46.7	0.509041
46.7	0.509041
46.725	0.515786
46.725	0.515786
46.75	0.522499
46.75	0.522499
46.775	0.529179
46.775	0.529179
46.8	0.535827
46.8	0.535827
46.825	0.542442
46.825	0.542442
46.85	0.549023
46.85	0.549023
46.875	0.55557
46.875	0.55557
46.9	0.562083
46.9	0.562083
46.925	0.568562
46.925	0.568562
46.95	0.575005
46.95	0.575005
46.975	0.581413
46.975	0.581413
47	0.587785
47	0.587785
47.025	0.594121
47.025	0.594121
47.05	0.60042
47.05	0.60042
47.075	0.606682
47.075	0.606682
47.1	0.612907
47.1	0.612907
47.125	0.619094
47.125	0.619094
47.15	0.625243
47.15	0.625243
47.175	0.631353
47.175	0.631353
47.2	0.637424
47.2	0.637424
47.225	0.643456
47.225	0.643456
47.25	0.649448
47.25	0.649448
47.275	0.6554
47.275	0.6554
47.3	0.661312
47.3	0.661312
47.325	0.667183
47.325	0.667183
47.35	0.673012
47.35	0.673012
47.375	0.678801
47.375	0.678801
47.4	0.684547
47.4	0.684547
47.425	0.690251
47.425	0.690251
47.45	0.695913
47.45	0.695913
47.475	0.701531
47.475	0.701531
47.5	0.707107
47.5	0.707107
47.525	0.712638
47.525	0.712638
47.55	0.718126
47.55	0.718126
47.575	0.72357
47.575	0.72357
47.6	0.728969
47.6	0.728969
47.625	0.734322
47.625	0.734322
47.65	0.739631
47.65	0.739631
47.675	0.744894
47.675	0.744894
47.7	0.750111
47.7	0.750111
47.725	0.755282
47.725	0.755282
47.75	0.760406
47.75	0.760406
47.775	0.765483
47.775	0.765483
47.8	0.770513
47.8	0.770513
47.825	0.775496
47.825	0.775496
47.85	0.78043
47.85	0.78043
47.875	0.785317
47.875	0.785317
47.9	0.790155
47.9	0.790155
47.925	0.794944
47.925	0.794944
47.95	0.799685
47.95	0.799685
47.975	0.804376
47.975	0.804376
48	0.809017
48	0.809017
48.025	0.813608
48.025	0.813608
48.05	0.81815
48.05	0.81815
48.075	0.822641
48.075	0.822641
48.1	0.827081
48.1	0.827081
48.125	0.83147
48.125	0.83147
48.15	0.835807
48.15	0.835807
48.175	0.840094
48.175	0.840094
48.2	0.844328
48.2	0.844328
48.225	0.84851
48.225	0.84851
48.25	0.85264
48.25	0.85264
48.275	0.856718
48.275	0.856718
48.3	0.860742
48.3	0.860742
48.325	0.864713
48.325	0.864713
48.35	0.868632
48.35	0.868632
48.375	0.872496
48.375	0.872496
48.4	0.876307
48.4	0.876307
48.425	0.880063
48.425	0.880063
48.45	0.883766
48.45	0.883766
48.475	0.887413
48.475	0.887413
48.5	0.891007
48.5	0.891007
48.525	0.894545
48.525	0.894545
48.55	0.898028
48.55	0.898028
48.575	0.901455
48.575	0.901455
48.6	0.904827
48.6	0.904827
48.625	0.908143
48.625	0.908143
48.65	0.911403
48.65	0.911403
48.675	0.914607
48.675	0.914607
48.7	0.917755
48.7	0.917755
48.725	0.920846
48.725	0.920846
48.75	0.92388
48.75	0.92388
48.775	0.926857
48.775	0.926857
48.8	0.929776
48.8	0.929776
48.825	0.932639
48.825	0.932639
48.85	0.935444
48.85	0.935444
48.875	0.938191
48.875	0.938191
48.9	0.940881
48.9	0.940881
48.925	0.943512
48.925	0.943512
48.95	0.946085
48.95	0.946085
48.975	0.9486
48.975	0.9486
49	0.951057
49	0.951057
49.025	0.953454
49.025	0.953454
49.05	0.955793
49.05	0.955793
49.075	0.958073
49.075	0.958073
49.1	0.960294
49.1	0.960294
49.125	0.962455
49.125	0.962455
49.15	0.964557
49.15	0.964557
49.175	0.9666
49.175	0.9666
49.2	0.968583
49.2	0.968583
49.225	0.970506
49.225	0.970506
49.25	0.97237
49.25	0.97237
49.275	0.974173
49.275	0.974173
49.3	0.975917
49.3	0.975917
49.325	0.9776
49.325	0.9776
49.35	0.979223
49.35	0.979223
49.375	0.980785
49.375	0.980785
49.4	0.982287
49.4	0.982287
49.425	0.983729
49.425	0.983729
49.45	0.985109
49.45	0.985109
49.475	0.986429
49.475	0.986429
49.5	0.987688
49.5	0.987688
49.525	0.988886
49.525	0.988886
49.55	0.990024
49.55	0.990024
49.575	0.9911
49.575	0.9911
49.6	0.992115
49.6	0.992115
49.625	0.993068
49.625	0.993068
49.65	0.993961
49.65	0.993961
49.675	0.994792
49.675	0.994792
49.7	0.995562
49.7	0.995562
49.725	0.99627
49.725	0.99627
49.75	0.996917
49.75	0.996917
49.775	0.997503
49.775	0.997503
49.8	0.998027
49.8	0.998027
49.825	0.998489
49.825	0.998489
49.85	0.99889
49.85	0.99889
49.875	0.999229
49.875	0.999229
49.9	0.999507
49.9	0.999507
49.925	0.999722
49.925	0.999722
49.95	0.999877
49.95	0.999877
49.975	0.999969
49.975	0.999969
50	1
50	1
50.025	0.999969
50.025	0.999969
50.05	0.999877
50.05	0.999877
50.075	0.999722
50.075	0.999722
50.1	0.999507
50.1	0.999507
50.125	0.999229
50.125	0.999229
50.15	0.99889
50.15	0.99889
50.175	0.998489
50.175	0.998489
50.2	0.998027
50.2	0.998027
50.225	0.997503
50.225	0.997503
50.25	0.996917
50.25	0.996917
50.275	0.99627
50.275	0.99627
50.3	0.995562
50.3	0.995562
50.325	0.994792
50.325	0.994792
50.35	0.993961
50.35	0.993961
50.375	0.993068
50.375	0.993068
50.4	0.992115
50.4	0.992115
50.425	0.9911
50.425	0.9911
50.45	0.990024
50.45	0.990024
50.475	0.988886
50.475	0.988886
50.5	0.987688
50.5	0.987688
50.525	0.986429
50.525	0.986429
50.55	0.985109
50.55	0.985109
50.575	0.983729
50.575	0.983729
50.6	0.982287
50.6	0.982287
50.625	0.980785
50.625	0.980785
50.65	0.979223
50.65	0.979223
50.675	0.9776
50.675	0.9776
50.7	0.975917
50.7	0.975917
50.725	0.974173
50.725	0.974173
50.75	0.97237
50.75	0.97237
50.775	0.970506
50.775	0.970506
50.8	0.968583
50.8	0.968583
50.825	0.9666
50.825	0.9666
50.85	0.964557
50.85	0.964557
50.875	0.962455
50.875	0.962455
50.9	0.960294
50.9	0.960294
50.925	0.958073
50.925	0.958073
50.95	0.955793
50.95	0.955793
50.975	0.953454
50.975	0.953454
51	0.951057
51	0.951057
51.025	0.9486
51.025	0.9486
51.05	0.946085
51.05	0.946085
51.075	0.943512
51.075	0.943512
51.1	0.940881
51.1	0.940881
51.125	0.938191
51.125	0.938191
51.15	0.935444
51.15	0.935444
51.175	0.932639
51.175	0.932639
51.2	0.929776
51.2	0.929776
51.225	0.926857
51.225	0.926857
51.25	0.92388
51.25	0.92388
51.275	0.920846
51.275	0.920846
51.3	0.917755
51.3	0.917755
51.325	0.914607
51.325	0.914607
51.35	0.911403
51.35	0.911403
51.375	0.908143
51.375	0.908143
51.4	0.904827
51.4	0.904827
51.425	0.901455
51.425	0.901455
51.45	0.898028
51.45	0.898028
51.475	0.894545
51.475	0.894545
51.5	0.891007
51.5	0.891007
51.525	0.887413
51.525	0.887413
51.55	0.883766
51.55	0.883766
51.575	0.880063
51.575	0.880063
51.6	0.876307
51.6	0.876307
51.625	0.872496
51.625	0.872496
51.65	0.868632
51.65	0.868632
51.675	0.864713
51.675	0.864713
51.7	0.860742
51.7	0.860742
51.725	0.856718
51.725	0.856718
51.75	0.85264
51.75	0.85264
51.775	0.84851
51.775	0.84851
51.8	0.844328
51.8	0.844328
51.825	0.840094
51.825	0.840094
51.85	0.835807
51.85	0.835807
51.875	0.83147
51.875	0.83147
51.9	0.827081
51.9	0.827081
51.925	0.822641
51.925	0.822641
51.95	0.81815
51.95	0.81815
51.975	0.813608
51.975	0.813608
52	0.809017
52	0.809017
52.025	0.804376
52.025	0.804376
52.05	0.799685
52.05	0.799685
52.075	0.794944
52.075	0.794944
52.1	0.790155
52.1	0.790155
52.125	0.785317
52.125	0.785317
52.15	0.78043
52.15	0.78043
52.175	0.775496
52.175	0.775496
52.2	0.770513
52.2	0.770513
52.225	0.765483
52.225	0.765483
52.25	0.760406
52.25	0.760406
52.275	0.755282
52.275	0.755282
52.3	0.750111
52.3	0.750111
52.325	0.744894
52.325	0.744894
52.35	0.739631
52.35	0.739631
52.375	0.734322
52.375	0.734322
52.4	0.728969
52.4	0.728969
52.425	0.72357
52.425	0.72357
52.45	0.718126
52.45	0.718126
52.475	0.712638
52.475	0.712638
52.5	0.707107
52.5	0.707107
52.525	0.701531
52.525	0.701531
52.55	0.695913
52.55	0.695913
52.575	0.690251
52.575	0.690251
52.6	0.684547
52.6	0.684547
52.625	0.678801
52.625	0.678801
52.65	0.673012
52.65	0.673012
52.675	0.667183
52.675	0.667183
52.7	0.661312
52.7	0.661312
52.725	0.6554
52.725	0.6554
52.75	0.649448
52.75	0.649448
52.775	0.643456
52.775	0.643456
52.8	0.637424
52.8	0.637424
52.825	0.631353
52.825	0.631353
52.85	0.625243
52.85	0.625243
52.875	0.619094
52.875	0.619094
52.9	0.612907
52.9	0.612907
52.925	0.606682
52.925	0.606682
52.95	0.60042
52.95	0.60042
52.975	0.594121
52.975	0.594121
53	0.587785
53	0.587785
53.025	0.581413
53.025	0.581413
53.05	0.575005
53.05	0.575005
53.075	0.568562
53.075	0.568562
53.1	0.562083
53.1	0.562083
53.125	0.55557
53.125	0.55557
53.15	0.549023
53.15	0.549023
53.175	0.542442
53.175	0.542442
53.2	0.535827
53.2	0.535827
53.225	0.529179
53.225	0.529179
53.25	0.522499
53.25	0.522499
53.275	0.515786
53.275	0.515786
53.3	0.509041
53.3	0.509041
53.325	0.502266
53.325	0.502266
53.35	0.495459
53.35	0.495459
53.375	0.488621
53.375	0.488621
53.4	0.481754
53.4	0.481754
53.425	0.474856
53.425	0.474856
53.45	0.46793
53.45	0.46793
53.475	0.460974
53.475	0.460974
53.5	0.45399
53.5	0.45399
53.525	0.446979
53.525	0.446979
53.55	0.439939
53.55	0.439939
53.575	0.432873
53.575	0.432873
53.6	0.425779
53.6	0.425779
53.625	0.41866
53.625	0.41866
53.65	0.411514
53.65	0.411514
53.675	0.404344
53.675	0.404344
53.7	0.397148
53.7	0.397148
53.725	0.389928
53.725	0.389928
53.75	0.382683
53.75	0.382683
53.775	0.375416
53.775	0.375416
53.8	0.368125
53.8	0.368125
53.825	0.360811
53.825	0.360811
53.85	0.353475
53.85	0.353475
53.875	0.346117
53.875	0.346117
53.9	0.338738
53.9	0.338738
53.925	0.331338
53.925	0.331338
53.95	0.323917
53.95	0.323917
53.975	0.316477
53.975	0.316477
54	0.309017
54	0.309017
54.025	0.301538
54.025	0.301538
54.05	0.29404
54.05	0.29404
54.075	0.286525
54.075	0.286525
54.1	0.278991
54.1	0.278991
54.125	0.27144
54.125	0.27144
54.15	0.263873
54.15	0.263873
54.175	0.256289
54.175	0.256289
54.2	0.24869
54.2	0.24869
54.225	0.241075
54.225	0.241075
54.25	0.233445
54.25	0.233445
54.275	0.225801
54.275	0.225801
54.3	0.218143
54.3	0.218143
54.325	0.210472
54.325	0.210472
54.35	0.202787
54.35	0.202787
54.375	0.19509
54.375	0.19509
54.4	0.187381
54.4	0.187381
54.425	0.179661
54.425	0.179661
54.45	0.171929
54.45	0.171929
54.475	0.164187
54.475	0.164187
54.5	0.156434
54.5	0.156434
54.525	0.148672
54.525	0.148672
54.55	0.140901
54.55	0.140901
54.575	0.133121
54.575	0.133121
54.6	0.125333
54.6	0.125333
54.625	0.117537
54.625	0.117537
54.65	0.109734
54.65	0.109734
54.675	0.101924
54.675	0.101924
54.7	0.0941083
54.7	0.0941083
54.725	0.0862864
54.725	0.0862864
54.75	0.0784591
54.75	0.0784591
54.775	0.070627
54.775	0.070627
54.8	0.0627905
54.8	0.0627905
54.825	0.0549502
54.825	0.0549502
54.85	0.0471065
54.85	0.0471065
54.875	0.0392598
54.875	0.0392598
54.9	0.0314108
54.9	0.0314108
54.925	0.0235598
54.925	0.0235598
54.95	0.0157073
54.95	0.0157073
54.975	0.0078539
54.975	0.0078539
55	-1.59456e-12
55	-1.59456e-12
55.025	-0.0078539
55.025	-0.0078539
55.05	-0.0157073
55.05	-0.0157073
55.075	-0.0235598
55.075	-0.0235598
55.1	-0.0314108
55.1	-0.0314108
55.125	-0.0392598
55.125	-0.0392598
55.15	-0.0471065
55.15	-0.0471065
55.175	-0.0549502
55.175	-0.0549502
55.2	-0.0627905
55.2	-0.0627905
55.225	-0.070627
55.225	-0.070627
55.25	-0.0784591
55.25	-0.0784591
55.275	-0.0862864
55.275	-0.0862864
55.3	-0.0941083
55.3	-0.0941083
55.325	-0.101924
55.325	-0.101924
55.35	-0.109734
55.35	-0.109734
55.375	-0.117537
55.375	-0.117537
55.4	-0.125333
55.4	-0.125333
55.425	-0.133121
55.425	-0.133121
55.45	-0.140901
55.45	-0.140901
55.475	-0.148672
55.475	-0.148672
55.5	-0.156434
55.5	-0.156434
55.525	-0.164187
55.525	-0.164187
55.55	-0.171929
55.55	-0.171929
55.575	-0.179661
55.575	-0.179661
55.6	-0.187381
55.6	-0.187381
55.625	-0.19509
55.625	-0.19509
55.65	-0.202787
55.65	-0.202787
55.675	-0.210472
55.675	-0.210472
55.7	-0.218143
55.7	-0.218143
55.725	-0.225801
55.725	-0.225801
55.75	-0.233445
55.75	-0.233445
55.775	-0.241075
55.775	-0.241075
55.8	-0.24869
55.8	-0.24869
55.825	-0.256289
55.825	-0.256289
55.85	-0.263873
55.85	-0.263873
55.875	-0.27144
55.875	-0.27144
55.9	-0.278991
55.9	-0.278991
55.925	-0.286525
55.925	-0.286525
55.95	-0.29404
55.95	-0.29404
55.975	-0.301538
55.975	-0.301538
56	-0.309017
56	-0.309017
56.025	-0.316477
56.025	-0.316477
56.05	-0.323917
56.05	-0.323917
56.075	-0.331338
56.075	-0.331338
56.1	-0.338738
56.1	-0.338738
56.125	-0.346117
56.125	-0.346117
56.15	-0.353475
56.15	-0.353475
56.175	-0.360811
56.175	-0.360811
56.2	-0.368125
56.2	-0.368125
56.225	-0.375416
56.225	-0.375416
56.25	-0.382683
56.25	-0.382683
56.275	-0.389928
56.275	-0.389928
56.3	-0.397148
56.3	-0.397148
56.325	-0.404344
56.325	-0.404344
56.35	-0.411514
56.35	-0.411514
56.375	-0.41866
56.375	-0.41866
56.4	-0.425779
56.4	-0.425779
56.425	-0.432873
56.425	-0.432873
56.45	-0.439939
56.45	-0.439939
56.475	-0.446979
56.475	-0.446979
56.5	-0.45399
56.5	-0.45399
56.525	-0.460974
56.525	-0.460974
56.55	-0.46793
56.55	-0.46793
56.575	-0.474856
56.575	-0.474856
56.6	-0.481754
56.6	-0.481754
56.625	-0.488621
56.625	-0.488621
56.65	-0.495459
56.65	-0.495459
56.675	-0.502266
56.675	-0.502266
56.7	-0.509041
56.7	-0.509041
56.725	-0.515786
56.725	-0.515786
56.75	-0.522499
56.75	-0.522499
56.775	-0.529179
56.775	-0.529179
56.8	-0.535827
56.8	-0.535827
56.825	-0.542442
56.825	-0.542442
56.85	-0.549023
56.85	-0.549023
56.875	-0.55557
56.875	-0.55557
56.9	-0.562083
56.9	-0.562083
56.925	-0.568562
56.925	-0.568562
56.95	-0.575005
56.95	-0.575005
56.975	-0.581413
56.975	-0.581413
57	-0.587785
57	-0.587785
57.025	-0.594121
57.025	-0.594121
57.05	-0.60042
57.05	-0.60042
57.075	-0.606682
57.075	-0.606682
57.1	-0.612907
57.1	-0.612907
57.125	-0.619094
57.125	-0.619094
57.15	-0.625243
57.15	-0.625243
57.175	-0.631353
57.175	-0.631353
57.2	-0.637424
57.2	-0.637424
57.225	-0.643456
57.225	-0.643456
57.25	-0.649448
57.25	-0.649448
57.275	-0.6554
57.275	-0.6554
57.3	-0.661312
57.3	-0.661312
57.325	-0.667183
57.325	-0.667183
57.35	-0.673012
57.35	-0.673012
57.375	-0.678801
57.375	-0.678801
57.4	-0.684547
57.4	-0.684547
57.425	-0.690251
57.425	-0.690251
57.45	-0.695913
57.45	-0.695913
57.475	-0.701531
57.475	-0.701531
57.5	-0.707107
57.5	-0.707107
57.525	-0.712638
57.525	-0.712638
57.55	-0.718126
57.55	-0.718126
57.575	-0.72357
57.575	-0.72357
57.6	-0.728969
57.6	-0.728969
57.625	-0.734322
57.625	-0.734322
57.65	-0.739631
57.65	-0.739631
57.675	-0.744894
57.675	-0.744894
57.7	-0.750111
57.7	-0.750111
57.725	-0.755282
57.725	-0.755282
57.75	-0.760406
57.75	-0.760406
57.775	-0.765483
57.775	-0.765483
57.8	-0.770513
57.8	-0.770513
57.825	-0.775496
57.825	-0.775496
57.85	-0.78043
57.85	-0.78043
57.875	-0.785317
57.875	-0.785317
57.9	-0.790155
57.9	-0.790155
57.925	-0.794944
57.925	-0.794944
57.95	-0.799685
57.95	-0.799685
57.975	-0.804376
57.975	-0.804376
58	-0.809017
58	-0.809017
58.025	-0.813608
58.025	-0.813608
58.05	-0.81815
58.05	-0.81815
58.075	-0.822641
58.075	-0.822641
58.1	-0.827081
58.1	-0.827081
58.125	-0.83147
58.125	-0.83147
58.15	-0.835807
58.15	-0.835807
58.175	-0.840094
58.175	-0.840094
58.2	-0.844328
58.2	-0.844328
58.225	-0.84851
58.225	-0.84851
58.25	-0.85264
58.25	-0.85264
58.275	-0.856718
58.275	-0.856718
58.3	-0.860742
58.3	-0.860742
58.325	-0.864713
58.325	-0.864713
58.35	-0.868632
58.35	-0.868632
58.375	-0.872496
58.375	-0.872496
58.4	-0.876307
58.4	-0.876307
58.425	-0.880063
58.425	-0.880063
58.45	-0.883766
58.45	-0.883766
58.475	-0.887413
58.475	-0.887413
58.5	-0.891007
58.5	-0.891007
58.525	-0.894545
58.525	-0.894545
58.55	-0.898028
58.55	-0.898028
58.575	-0.901455
58.575	-0.901455
58.6	-0.904827
58.6	-0.904827
58.625	-0.908143
58.625	-0.908143
58.65	-0.911403
58.65	-0.911403
58.675	-0.914607
58.675	-0.914607
58.7	-0.917755
58.7	-0.917755
58.725	-0.920846
58.725	-0.920846
58.75	-0.92388
58.75	-0.92388
58.775	-0.926857
58.775	-0.926857
58.8	-0.929776
58.8	-0.929776
58.825	-0.932639
58.825	-0.932639
58.85	-0.935444
58.85	-0.935444
58.875	-0.938191
58.875	-0.938191
58.9	-0.940881
58.9	-0.940881
58.925	-0.943512
58.925	-0.943512
58.95	-0.946085
58.95	-0.946085
58.975	-0.9486
58.975	-0.9486
59	-0.951057
59	-0.951057
59.025	-0.953454
59.025	-0.953454
59.05	-0.955793
59.05	-0.955793
59.075	-0.958073
59.075	-0.958073
59.1	-0.960294
59.1	-0.960294
59.125	-0.962455
59.125	-0.962455
59.15	-0.964557
59.15	-0.964557
59.175	-0.9666
59.175	-0.9666
59.2	-0.968583
59.2	-0.968583
59.225	-0.970506
59.225	-0.970506
59.25	-0.97237
59.25	-0.97237
59.275	-0.974173
59.275	-0.974173
59.3	-0.975917
59.3	-0.975917
59.325	-0.9776
59.325	-0.9776
59.35	-0.979223
59.35	-0.979223
59.375	-0.980785
59.375	-0.980785
59.4	-0.982287
59.4	-0.982287
59.425	-0.983729
59.425	-0.983729
59.45	-0.985109
59.45	-0.985109
59.475	-0.986429
59.475	-0.986429
59.5	-0.987688
59.5	-0.987688
59.525	-0.988886
59.525	-0.988886
59.55	-0.990024
59.55	-0.990024
59.575	-0.9911
59.575	-0.9911
59.6	-0.992115
59.6	-0.992115
59.625	-0.993068
59.625	-0.993068
59.65	-0.993961
59.65	-0.993961
59.675	-0.994792
59.675	-0.994792
59.7	-0.995562
59.7	-0.995562
59.725	-0.99627
59.725	-0.99627
59.75	-0.996917
59.75	-0.996917
59.775	-0.997503
59.775	-0.997503
59.8	-0.998027
59.8	-0.998027
59.825	-0.998489
59.825	-0.998489
59.85	-0.99889
59.85	-0.99889
59.875	-0.999229
59.875	-0.999229
59.9	-0.999507
59.9	-0.999507
59.925	-0.999722
59.925	-0.999722
59.95	-0.999877
59.95	-0.999877
59.975	-0.999969
59.975	-0.999969
60	-1
60	-1
60.025	-0.999969
60.025	-0.999969
60.05	-0.999877
60.05	-0.999877
60.075	-0.999722
60.075	-0.999722
60.1	-0.999507
60.1	-0.999507
60.125	-0.999229
60.125	-0.999229
60.15	-0.99889
60.15	-0.99889
60.175	-0.998489
60.175	-0.998489
60.2	-0.998027
60.2	-0.998027
60.225	-0.997503
60.225	-0.997503
60.25	-0.996917
60.25	-0.996917
60.275	-0.99627
60.275	-0.99627
60.3	-0.995562
60.3	-0.995562
60.325	-0.994792
60.325	-0.994792
60.35	-0.993961
60.35	-0.993961
60.375	-0.993068
60.375	-0.993068
60.4	-0.992115
60.4	-0.992115
60.425	-0.9911
60.425	-0.9911
60.45	-0.990024
60.45	-0.990024
60.475	-0.988886
60.475	-0.988886
60.5	-0.987688
60.5	-0.987688
60.525	-0.986429
60.525	-0.986429
60.55	-0.985109
60.55	-0.985109
60.575	-0.983729
60.575	-0.983729
60.6	-0.982287
60.6	-0.982287
60.625	-0.980785
60.625	-0.980785
60.65	-0.979223
60.65	-0.979223
60.675	-0.9776
60.675	-0.9776
60.7	-0.975917
60.7	-0.975917
60.725	-0.974173
60.725	-0.974173
60.75	-0.97237
60.75	-0.97237
60.775	-0.970506
60.775	-0.970506
60.8	-0.968583
60.8	-0.968583
60.825	-0.9666
60.825	-0.9666
60.85	-0.964557
60.85	-0.964557
60.875	-0.962455
60.875	-0.962455
60.9	-0.960294
60.9	-0.960294
60.925	-0.958073
60.925	-0.958073
60.95	-0.955793
60.95	-0.955793
60.975	-0.953454
60.975	-0.953454
61	-0.951057
61	-0.951057
61.025	-0.9486
61.025	-0.9486
61.05	-0.946085
61.05	-0.946085
61.075	-0.943512
61.075	-0.943512
61.1	-0.940881
61.1	-0.940881
61.125	-0.938191
61.125	-0.938191
61.15	-0.935444
61.15	-0.935444
61.175	-0.932639
61.175	-0.932639
61.2	-0.929776
61.2	-0.929776
61.225	-0.926857
61.225	-0.926857
61.25	-0.92388
61.25	-0.92388
61.275	-0.920846
61.275	-0.920846
61.3	-0.917755
61.3	-0.917755
61.325	-0.914607
61.325	-0.914607
61.35	-0.911403
61.35	-0.911403
61.375	-0.908143
61.375	-0.908143
61.4	-0.904827
61.4	-0.904827
61.425	-0.901455
61.425	-0.901455
61.45	-0.898028
61.45	-0.898028
61.475	-0.894545
61.475	-0.894545
61.5	-0.891007
61.5	-0.891007
61.525	-0.887413
61.525	-0.887413
61.55	-0.883766
61.55	-0.883766
61.575	-0.880063
61.575	-0.880063
61.6	-0.876307
61.6	-0.876307
61.625	-0.872496
61.625	-0.872496
61.65	-0.868632
61.65	-0.868632
61.675	-0.864713
61.675	-0.864713
61.7	-0.860742
61.7	-0.860742
61.725	-0.856718
61.725	-0.856718
61.75	-0.85264
61.75	-0.85264
61.775	-0.84851
61.775	-0.84851
61.8	-0.844328
61.8	-0.844328
61.825	-0.840094
61.825	-0.840094
61.85	-0.835807
61.85	-0.835807
61.875	-0.83147
61.875	-0.83147
61.9	-0.827081
61.9	-0.827081
61.925	-0.822641
61.925	-0.822641
61.95	-0.81815
61.95	-0.81815
61.975	-0.813608
61.975	-0.813608
62	-0.809017
62	-0.809017
62.025	-0.804376
62.025	-0.804376
62.05	-0.799685
62.05	-0.799685
62.075	-0.794944
62.075	-0.794944
62.1	-0.790155
62.1	-0.790155
62.125	-0.785317
62.125	-0.785317
62.15	-0.78043
62.15	-0.78043
62.175	-0.775496
62.175	-0.775496
62.2	-0.770513
62.2	-0.770513
62.225	-0.765483
62.225	-0.765483
62.25	-0.760406
62.25	-0.760406
62.275	-0.755282
62.275	-0.755282
62.3	-0.750111
62.3	-0.750111
62.325	-0.744894
62.325	-0.744894
62.35	-0.739631
62.35	-0.739631
62.375	-0.734322
62.375	-0.734322
62.4	-0.728969
62.4	-0.728969
62.425	-0.72357
62.425	-0.72357
62.45	-0.718126
62.45	-0.718126
62.475	-0.712638
62.475	-0.712638
62.5	-0.707107
62.5	-0.707107
62.525	-0.701531
62.525	-0.701531
62.55	-0.695913
62.55	-0.695913
62.575	-0.690251
62.575	-0.690251
62.6	-0.684547
62.6	-0.684547
62.625	-0.678801
62.625	-0.678801
62.65	-0.673012
62.65	-0.673012
62.675	-0.667183
62.675	-0.667183
62.7	-0.661312
62.7	-0.661312
62.725	-0.6554
62.725	-0.6554
62.75	-0.649448
62.75	-0.649448
62.775	-0.643456
62.775	-0.643456
62.8	-0.637424
62.8	-0.637424
62.825	-0.631353
62.825	-0.631353
62.85	-0.625243
62.85	-0.625243
62.875	-0.619094
62.875	-0.619094
62.9	-0.612907
62.9	-0.612907
62.925	-0.606682
62.925	-0.606682
62.95	-0.60042
62.95	-0.60042
62.975	-0.594121
62.975	-0.594121
63	-0.587785
63	-0.587785
63.025	-0.581413
63.025	-0.581413
63.05	-0.575005
63.05	-0.575005
63.075	-0.568562
63.075	-0.568562
63.1	-0.562083
63.1	-0.562083
63.125	-0.55557
63.125	-0.55557
63.15	-0.549023
63.15	-0.549023
63.175	-0.542442
63.175	-0.542442
63.2	-0.535827
63.2	-0.535827
63.225	-0.529179
63.225	-0.529179
63.25	-0.522499
63.25	-0.522499
63.275	-0.515786
63.275	-0.515786
63.3	-0.509041
63.3	-0.509041
63.325	-0.502266
63.325	-0.502266
63.35	-0.495459
63.35	-0.495459
63.375	-0.488621
63.375	-0.488621
63.4	-0.481754
63.4	-0.481754
63.425	-0.474856
63.425	-0.474856
63.45	-0.46793
63.45	-0.46793
63.475	-0.460974
63.475	-0.460974
63.5	-0.45399
63.5	-0.45399
63.525	-0.446979
63.525	-0.446979
63.55	-0.439939
63.55	-0.439939
63.575	-0.432873
63.575	-0.432873
63.6	-0.425779
63.6	-0.425779
63.625	-0.41866
63.625	-0.41866
63.65	-0.411514
63.65	-0.411514
63.675	-0.404344
63.675	-0.404344
63.7	-0.397148
63.7	-0.397148
63.725	-0.389928
63.725	-0.389928
63.75	-0.382683
63.75	-0.382683
63.775	-0.375416
63.775	-0.375416
63.8	-0.368125
63.8	-0.368125
63.825	-0.360811
63.825	-0.360811
63.85	-0.353475
63.85	-0.353475
63.875	-0.346117
63.875	-0.346117
63.9	-0.338738
63.9	-0.338738
63.925	-0.331338
63.925	-0.331338
63.95	-0.323917
63.95	-0.323917
63.975	-0.316477
63.975	-0.316477
64	-0.309017
64	-0.309017
64.025	-0.301538
64.025	-0.301538
64.05	-0.29404
64.05	-0.29404
64.075	-0.286525
64.075	-0.286525
64.1	-0.278991
64.1	-0.278991
64.125	-0.27144
64.125	-0.27144
64.15	-0.263873
64.15	-0.263873
64.175	-0.256289
64.175	-0.256289
64.2	-0.24869
64.2	-0.24869
64.225	-0.241075
64.225	-0.241075
64.25	-0.233445
64.25	-0.233445
64.275	-0.225801
64.275	-0.225801
64.3	-0.218143
64.3	-0.218143
64.325	-0.210472
64.325	-0.210472
64.35	-0.202787
64.35	-0.202787
64.375	-0.19509
64.375	-0.19509
64.4	-0.187381
64.4	-0.187381
64.425	-0.179661
64.425	-0.179661
64.45	-0.171929
64.45	-0.171929
64.475	-0.164187
64.475	-0.164187
64.5	-0.156434
64.5	-0.156434
64.525	-0.148672
64.525	-0.148672
64.55	-0.140901
64.55	-0.140901
64.575	-0.133121
64.575	-0.133121
64.6	-0.125333
64.6	-0.125333
64.625	-0.117537
64.625	-0.117537
64.65	-0.109734
64.65	-0.109734
64.675	-0.101924
64.675	-0.101924
64.7	-0.0941083
64.7	-0.0941083
64.725	-0.0862864
64.725	-0.0862864
64.75	-0.0784591
64.75	-0.0784591
64.775	-0.070627
64.775	-0.070627
64.8	-0.0627905
64.8	-0.0627905
64.825	-0.0549502
64.825	-0.0549502
64.85	-0.0471065
64.85	-0.0471065
64.875	-0.0392598
64.875	-0.0392598
64.9	-0.0314108
64.9	-0.0314108
64.925	-0.0235598
64.925	-0.0235598
64.95	-0.0157073
64.95	-0.0157073
64.975	-0.0078539
64.975	-0.0078539
65	2.30853e-12
65	2.30853e-12
65.025	0.0078539
65.025	0.0078539
65.05	0.0157073
65.05	0.0157073
65.075	0.0235598
65.075	0.0235598
65.1	0.0314108
65.1	0.0314108
65.125	0.0392598
65.125	0.0392598
65.15	0.0471065
65.15	0.0471065
65.175	0.0549502
65.175	0.0549502
65.2	0.0627905
65.2	0.0627905
65.225	0.070627
65.225	0.070627
65.25	0.0784591
65.25	0.0784591
65.275	0.0862864
65.275	0.0862864
65.3	0.0941083
65.3	0.0941083
65.325	0.101924
65.325	0.101924
65.35	0.109734
65.35	0.109734
65.375	0.117537
65.375	0.117537
65.4	0.125333
65.4	0.125333
65.425	0.133121
65.425	0.133121
65.45	0.140901
65.45	0.140901
65.475	0.148672
65.475	0.148672
65.5	0.156434
65.5	0.156434
65.525	0.164187
65.525	0.164187
65.55	0.171929
65.55	0.171929
65.575	0.179661
65.575	0.179661
65.6	0.187381
65.6	0.187381
65.625	0.19509
65.625	0.19509
65.65	0.202787
65.65	0.202787
65.675	0.210472
65.675	0.210472
65.7	0.218143
65.7	0.218143
65.725	0.225801
65.725	0.225801
65.75	0.233445
65.75	0.233445
65.775	0.241075
65.775	0.241075
65.8	0.24869
65.8	0.24869
65.825	0.256289
65.825	0.256289
65.85	0.263873
65.85	0.263873
65.875	0.27144
65.875	0.27144
65.9	0.278991
65.9	0.278991
65.925	0.286525
65.925	0.286525
65.95	0.29404
65.95	0.29404
65.975	0.301538
65.975	0.301538
66	0.309017
66	0.309017
66.025	0.316477
66.025	0.316477
66.05	0.323917
66.05	0.323917
66.075	0.331338
66.075	0.331338
66.1	0.338738
66.1	0.338738
66.125	0.346117
66.125	0.346117
66.15	0.353475
66.15	0.353475
66.175	0.360811
66.175	0.360811
66.2	0.368125
66.2	0.368125
66.225	0.375416
66.225	0.375416
66.25	0.382683
66.25	0.382683
66.275	0.389928
66.275	0.389928
66.3	0.397148
66.3	0.397148
66.325	0.404344
66.325	0.404344
66.35	0.411514
66.35	0.411514
66.375	0.41866
66.375	0.41866
66.4	0.425779
66.4	0.425779
66.425	0.432873
66.425	0.432873
66.45	0.439939
66.45	0.439939
66.475	0.446979
66.475	0.446979
66.5	0.45399
66.5	0.45399
66.525	0.460974
66.525	0.460974
66.55	0.46793
66.55	0.46793
66.575	0.474856
66.575	0.474856
66.6	0.481754
66.6	0.481754
66.625	0.488621
66.625	0.488621
66.65	0.495459
66.65	0.495459
66.675	0.502266
66.675	0.502266
66.7	0.509041
66.7	0.509041
66.725	0.515786
66.725	0.515786
66.75	0.522499
66.75	0.522499
66.775	0.529179
66.775	0.529179
66.8	0.535827
66.8	0.535827
66.825	0.542442
66.825	0.542442
66.85	0.549023
66.85	0.549023
66.875	0.55557
66.875	0.55557
66.9	0.562083
66.9	0.562083
66.925	0.568562
66.925	0.568562
66.95	0.575005
66.95	0.575005
66.975	0.581413
66.975	0.581413
67	0.587785
67	0.587785
67.025	0.594121
67.025	0.594121
67.05	0.60042
67.05	0.60042
67.075	0.606682
67.075	0.606682
67.1	0.612907
67.1	0.612907
67.125	0.619094
67.125	0.619094
67.15	0.625243
67.15	0.625243
67.175	0.631353
67.175	0.631353
67.2	0.637424
67.2	0.637424
67.225	0.643456
67.225	0.643456
67.25	0.649448
67.25	0.649448
67.275	0.6554
67.275	0.6554
67.3	0.661312
67.3	0.661312
67.325	0.667183
67.325	0.667183
67.35	0.673012
67.35	0.673012
67.375	0.678801
67.375	0.678801
67.4	0.684547
67.4	0.684547
67.425	0.690251
67.425	0.690251
67.45	0.695913
67.45	0.695913
67.475	0.701531
67.475	0.701531
67.5	0.707107
67.5	0.707107
67.525	0.712638
67.525	0.712638
67.55	0.718126
67.55	0.718126
67.575	0.72357
67.575	0.72357
67.6	0.728969
67.6	0.728969
67.625	0.734322
67.625	0.734322
67.65	0.739631
67.65	0.739631
67.675	0.744894
67.675	0.744894
67.7	0.750111
67.7	0.750111
67.725	0.755282
67.725	0.755282
67.75	0.760406
67.75	0.760406
67.775	0.765483
67.775	0.765483
67.8	0.770513
67.8	0.770513
67.825	0.775496
67.825	0.775496
67.85	0.78043
67.85	0.78043
67.875	0.785317
67.875	0.785317
67.9	0.790155
67.9	0.790155
67.925	0.794944
67.925	0.794944
67.95	0.799685
67.95	0.799685
67.975	0.804376
67.975	0.804376
68	0.809017
68	0.809017
68.025	0.813608
68.025	0.813608
68.05	0.81815
68.05	0.81815
68.075	0.822641
68.075	0.822641
68.1	0.827081
68.1	0.827081
68.125	0.83147
68.125	0.83147
68.15	0.835807
68.15	0.835807
68.175	0.840094
68.175	0.840094
68.2	0.844328
68.2	0.844328
68.225	0.84851
68.225	0.84851
68.25	0.85264
68.25	0.85264
68.275	0.856718
68.275	0.856718
68.3	0.860742
68.3	0.860742
68.325	0.864713
68.325	0.864713
68.35	0.868632
68.35	0.868632
68.375	0.872496
68.375	0.872496
68.4	0.876307
68.4	0.876307
68.425	0.880063
68.425	0.880063
68.45	0.883766
68.45	0.883766
68.475	0.887413
68.475	0.887413
68.5	0.891007
68.5	0.891007
68.525	0.894545
68.525	0.894545
68.55	0.898028
68.55	0.898028
68.575	0.901455
68.575	0.901455
68.6	0.904827
68.6	0.904827
68.625	0.908143
68.625	0.908143
68.65	0.911403
68.65	0.911403
68.675	0.914607
68.675	0.914607
68.7	0.917755
68.7	0.917755
68.725	0.920846
68.725	0.920846
68.75	0.92388
68.75	0.92388
68.775	0.926857
68.775	0.926857
68.8	0.929776
68.8	0.929776
68.825	0.932639
68.825	0.932639
68.85	0.935444
68.85	0.935444
68.875	0.938191
68.875	0.938191
68.9	0.940881
68.9	0.940881
68.925	0.943512
68.925	0.943512
68.95	0.946085
68.95	0.946085
68.975	0.9486
68.975	0.9486
69	0.951057
69	0.951057
69.025	0.953454
69.025	0.953454
69.05	0.955793
69.05	0.955793
69.075	0.958073
69.075	0.958073
69.1	0.960294
69.1	0.960294
69.125	0.962455
69.125	0.962455
69.15	0.964557
69.15	0.964557
69.175	0.9666
69.175	0.9666
69.2	0.968583
69.2	0.968583
69.225	0.970506
69.225	0.970506
69.25	0.97237
69.25	0.97237
69.275	0.974173
69.275	0.974173
69.3	0.975917
69.3	0.975917
69.325	0.9776
69.325	0.9776
69.35	0.979223
69.35	0.979223
69.375	0.980785
69.375	0.980785
69.4	0.982287
69.4	0.982287
69.425	0.983729
69.425	0.983729
69.45	0.985109
69.45	0.985109
69.475	0.986429
69.475	0.986429
69.5	0.987688
69.5	0.987688
69.525	0.988886
69.525	0.988886
69.55	0.990024
69.55	0.990024
69.575	0.9911
69.575	0.9911
69.6	0.992115
69.6	0.992115
69.625	0.993068
69.625	0.993068
69.65	0.993961
69.65	0.993961
69.675	0.994792
69.675	0.994792
69.7	0.995562
69.7	0.995562
69.725	0.99627
69.725	0.99627
69.75	0.996917
69.75	0.996917
69.775	0.997503
69.775	0.997503
69.8	0.998027
69.8	0.998027
69.825	0.998489
69.825	0.998489
69.85	0.99889
69.85	0.99889
69.875	0.999229
69.875	0.999229
69.9	0.999507
69.9	0.999507
69.925	0.999722
69.925	0.999722
69.95	0.999877
69.95	0.999877
69.975	0.999969
69.975	0.999969
70	1
70	1
70.025	0.999969
70.025	0.999969
70.05	0.999877
70.05	0.999877
70.075	0.999722
70.075	0.999722
70.1	0.999507
70.1	0.999507
70.125	0.999229
70.125	0.999229
70.15	0.99889
70.15	0.99889
70.175	0.998489
70.175	0.998489
70.2	0.998027
70.2	0.998027
70.225	0.997503
70.225	0.997503
70.25	0.996917
70.25	0.996917
70.275	0.99627
70.275	0.99627
70.3	0.995562
70.3	0.995562
70.325	0.994792
70.325	0.994792
70.35	0.993961
70.35	0.993961
70.375	0.993068
70.375	0.993068
70.4	0.992115
70.4	0.992115
70.425	0.9911
70.425	0.9911
70.45	0.990024
70.45	0.990024
70.475	0.988886
70.475	0.988886
70.5	0.987688
70.5	0.987688
70.525	0.986429
70.525	0.986429
70.55	0.985109
70.55	0.985109
70.575	0.983729
70.575	0.983729
70.6	0.982287
70.6	0.982287
70.625	0.980785
70.625	0.980785
70.65	0.979223
70.65	0.979223
70.675	0.9776
70.675	0.9776
70.7	0.975917
70.7	0.975917
70.725	0.974173
70.725	0.974173
70.75	0.97237
70.75	0.97237
70.775	0.970506
70.775	0.970506
70.8	0.968583
70.8	0.968583
70.825	0.9666
70.825	0.9666
70.85	0.964557
70.85	0.964557
70.875	0.962455
70.875	0.962455
70.9	0.960294
70.9	0.960294
70.925	0.958073
70.925	0.958073
70.95	0.955793
70.95	0.955793
70.975	0.953454
70.975	0.953454
71	0.951057
71	0.951057
71.025	0.9486
71.025	0.9486
71.05	0.946085
71.05	0.946085
71.075	0.943512
71.075	0.943512
71.1	0.940881
71.1	0.940881
71.125	0.938191
71.125	0.938191
71.15	0.935444
71.15	0.935444
71.175	0.932639
71.175	0.932639
71.2	0.929776
71.2	0.929776
71.225	0.926857
71.225	0.926857
71.25	0.92388
71.25	0.92388
71.275	0.920846
71.275	0.920846
71.3	0.917755
71.3	0.917755
71.325	0.914607
71.325	0.914607
71.35	0.911403
71.35	0.911403
71.375	0.908143
71.375	0.908143
71.4	0.904827
71.4	0.904827
71.425	0.901455
71.425	0.901455
71.45	0.898028
71.45	0.898028
71.475	0.894545
71.475	0.894545
71.5	0.891007
71.5	0.891007
71.525	0.887413
71.525	0.887413
71.55	0.883766
71.55	0.883766
71.575	0.880063
71.575	0.880063
71.6	0.876307
71.6	0.876307
71.625	0.872496
71.625	0.872496
71.65	0.868632
71.65	0.868632
71.675	0.864713
71.675	0.864713
71.7	0.860742
71.7	0.860742
71.725	0.856718
71.725	0.856718
71.75	0.85264
71.75	0.85264
71.775	0.84851
71.775	0.84851
71.8	0.844328
71.8	0.844328
71.825	0.840094
71.825	0.840094
71.85	0.835807
71.85	0.835807
71.875	0.83147
71.875	0.83147
71.9	0.827081
71.9	0.827081
71.925	0.822641
71.925	0.822641
71.95	0.81815
71.95	0.81815
71.975	0.813608
71.975	0.813608
72	0.809017
72	0.809017
72.025	0.804376
72.025	0.804376
72.05	0.799685
72.05	0.799685
72.075	0.794944
72.075	0.794944
72.1	0.790155
72.1	0.790155
72.125	0.785317
72.125	0.785317
72.15	0.78043
72.15	0.78043
72.175	0.775496
72.175	0.775496
72.2	0.770513
72.2	0.770513
72.225	0.765483
72.225	0.765483
72.25	0.760406
72.25	0.760406
72.275	0.755282
72.275	0.755282
72.3	0.750111
72.3	0.750111
72.325	0.744894
72.325	0.744894
72.35	0.739631
72.35	0.739631
72.375	0.734322
72.375	0.734322
72.4	0.728969
72.4	0.728969
72.425	0.72357
72.425	0.72357
72.45	0.718126
72.45	0.718126
72.475	0.712638
72.475	0.712638
72.5	0.707107
72.5	0.707107
72.525	0.701531
72.525	0.701531
72.55	0.695913
72.55	0.695913
72.575	0.690251
72.575	0.690251
72.6	0.684547
72.6	0.684547
72.625	0.678801
72.625	0.678801
72.65	0.673012
72.65	0.673012
72.675	0.667183
72.675	0.667183
72.7	0.661312
72.7	0.661312
72.725	0.6554
72.725	0.6554
72.75	0.649448
72.75	0.649448
72.775	0.643456
72.775	0.643456
72.8	0.637424
72.8	0.637424
72.825	0.631353
72.825	0.631353
72.85	0.625243
72.85	0.625243
72.875	0.619094
72.875	0.619094
72.9	0.612907
72.9	0.612907
72.925	0.606682
72.925	0.606682
72.95	0.60042
72.95	0.60042
72.975	0.594121
72.975	0.594121
73	0.587785
73	0.587785
73.025	0.581413
73.025	0.581413
73.05	0.575005
73.05	0.575005
73.075	0.568562
73.075	0.568562
73.1	0.562083
73.1	0.562083
73.125	0.55557
73.125	0.55557
73.15	0.549023
73.15	0.549023
73.175	0.542442
73.175	0.542442
73.2	0.535827
73.2	0.535827
73.225	0.529179
73.225	0.529179
73.25	0.522499
73.25	0.522499
73.275	0.515786
73.275	0.515786
73.3	0.509041
73.3	0.509041
73.325	0.502266
73.325	0.502266
73.35	0.495459
73.35	0.495459
73.375	0.488621
73.375	0.488621
73.4	0.481754
73.4	0.481754
73.425	0.474856
73.425	0.474856
73.45	0.46793
73.45	0.46793
73.475	0.460974
73.475	0.460974
73.5	0.45399
73.5	0.45399
73.525	0.446979
73.525	0.446979
73.55	0.439939
73.55	0.439939
73.575	0.432873
73.575	0.432873
73.6	0.425779
73.6	0.425779
73.625	0.41866
73.625	0.41866
73.65	0.411514
73.65	0.411514
73.675	0.404344
73.675	0.404344
73.7	0.397148
73.7	0.397148
73.725	0.389928
73.725	0.389928
73.75	0.382683
73.75	0.382683
73.775	0.375416
73.775	0.375416
73.8	0.368125
73.8	0.368125
73.825	0.360811
73.825	0.360811
73.85	0.353475
73.85	0.353475
73.875	0.346117
73.875	0.346117
73.9	0.338738
73.9	0.338738
73.925	0.331338
73.925	0.331338
73.95	0.323917
73.95	0.323917
73.975	0.316477
73.975	0.316477
74	0.309017
74	0.309017
74.025	0.301538
74.025	0.301538
74.05	0.29404
74.05	0.29404
74.075	0.286525
74.075	0.286525
74.1	0.278991
74.1	0.278991
74.125	0.27144
74.125	0.27144
74.15	0.263873
74.15	0.263873
74.175	0.256289
74.175	0.256289
74.2	0.24869
74.2	0.24869
74.225	0.241075
74.225	0.241075
74.25	0.233445
74.25	0.233445
74.275	0.225801
74.275	0.225801
74.3	0.218143
74.3	0.218143
74.325	0.210472
74.325	0.210472
74.35	0.202787
74.35	0.202787
74.375	0.19509
74.375	0.19509
74.4	0.187381
74.4	0.187381
74.425	0.179661
74.425	0.179661
74.45	0.171929
74.45	0.171929
74.475	0.164187
74.475	0.164187
74.5	0.156434
74.5	0.156434
74.525	0.148672
74.525	0.148672
74.55	0.140901
74.55	0.140901
74.575	0.133121
74.575	0.133121
74.6	0.125333
74.6	0.125333
74.625	0.117537
74.625	0.117537
74.65	0.109734
74.65	0.109734
74.675	0.101924
74.675	0.101924
74.7	0.0941083
74.7	0.0941083
74.725	0.0862864
74.725	0.0862864
74.75	0.0784591
74.75	0.0784591
74.775	0.070627
74.775	0.070627
74.8	0.0627905
74.8	0.0627905
74.825	0.0549502
74.825	0.0549502
74.85	0.0471065
74.85	0.0471065
74.875	0.0392598
74.875	0.0392598
74.9	0.0314108
74.9	0.0314108
74.925	0.0235598
74.925	0.0235598
74.95	0.0157073
74.95	0.0157073
74.975	0.0078539
74.975	0.0078539
75	-3.0225e-12
75	-3.0225e-12
75.025	-0.0078539
75.025	-0.0078539
75.05	-0.0157073
75.05	-0.0157073
75.075	-0.0235598
75.075	-0.0235598
75.1	-0.0314108
75.1	-0.0314108
75.125	-0.0392598
75.125	-0.0392598
75.15	-0.0471065
75.15	-0.0471065
75.175	-0.0549502
75.175	-0.0549502
75.2	-0.0627905
75.2	-0.0627905
75.225	-0.070627
75.225	-0.070627
75.25	-0.0784591
75.25	-0.0784591
75.275	-0.0862864
75.275	-0.0862864
75.3	-0.0941083
75.3	-0.0941083
75.325	-0.101924
75.325	-0.101924
75.35	-0.109734
75.35	-0.109734
75.375	-0.117537
75.375	-0.117537
75.4	-0.125333
75.4	-0.125333
75.425	-0.133121
75.425	-0.133121
75.45	-0.140901
75.45	-0.140901
75.475	-0.148672
75.475	-0.148672
75.5	-0.156434
75.5	-0.156434
75.525	-0.164187
75.525	-0.164187
75.55	-0.171929
75.55	-0.171929
75.575	-0.179661
75.575	-0.179661
75.6	-0.187381
75.6	-0.187381
75.625	-0.19509
75.625	-0.19509
75.65	-0.202787
75.65	-0.202787
75.675	-0.210472
75.675	-0.210472
75.7	-0.218143
75.7	-0.218143
75.725	-0.225801
75.725	-0.225801
75.75	-0.233445
75.75	-0.233445
75.775	-0.241075
75.775	-0.241075
75.8	-0.24869
75.8	-0.24869
75.825	-0.256289
75.825	-0.256289
75.85	-0.263873
75.85	-0.263873
75.875	-0.27144
75.875	-0.27144
75.9	-0.278991
75.9	-0.278991
75.925	-0.286525
75.925	-0.286525
75.95	-0.29404
75.95	-0.29404
75.975	-0.301538
75.975	-0.301538
76	-0.309017
76	-0.309017
76.025	-0.316477
76.025	-0.316477
76.05	-0.323917
76.05	-0.323917
76.075	-0.331338
76.075	-0.331338
76.1	-0.338738
76.1	-0.338738
76.125	-0.346117
76.125	-0.346117
76.15	-0.353475
76.15	-0.353475
76.175	-0.360811
76.175	-0.360811
76.2	-0.368125
76.2	-0.368125
76.225	-0.375416
76.225	-0.375416
76.25	-0.382683
76.25	-0.382683
76.275	-0.389928
76.275	-0.389928
76.3	-0.397148
76.3	-0.397148
76.325	-0.404344
76.325	-0.404344
76.35	-0.411514
76.35	-0.411514
76.375	-0.41866
76.375	-0.41866
76.4	-0.425779
76.4	-0.425779
76.425	-0.432873
76.425	-0.432873
76.45	-0.439939
76.45	-0.439939
76.475	-0.446979
76.475	-0.446979
76.5	-0.45399
76.5	-0.45399
76.525	-0.460974
76.525	-0.460974
76.55	-0.46793
76.55	-0.46793
76.575	-0.474856
76.575	-0.474856
76.6	-0.481754
76.6	-0.481754
76.625	-0.488621
76.625	-0.488621
76.65	-0.495459
76.65	-0.495459
76.675	-0.502266
76.675	-0.502266
76.7	-0.509041
76.7	-0.509041
76.725	-0.515786
76.725	-0.515786
76.75	-0.522499
76.75	-0.522499
76.775	-0.529179
76.775	-0.529179
76.8	-0.535827
76.8	-0.535827
76.825	-0.542442
76.825	-0.542442
76.85	-0.549023
76.85	-0.549023
76.875	-0.55557
76.875	-0.55557
76.9	-0.562083
76.9	-0.562083
76.925	-0.568562
76.925	-0.568562
76.95	-0.575005
76.95	-0.575005
76.975	-0.581413
76.975	-0.581413
77	-0.587785
77	-0.587785
77.025	-0.594121
77.025	-0.594121
77.05	-0.60042
77.05	-0.60042
77.075	-0.606682
77.075	-0.606682
77.1	-0.612907
77.1	-0.612907
77.125	-0.619094
77.125	-0.619094
77.15	-0.625243
77.15	-0.625243
77.175	-0.631353
77.175	-0.631353
77.2	-0.637424
77.2	-0.637424
77.225	-0.643456
77.225	-0.643456
77.25	-0.649448
77.25	-0.649448
77.275	-0.6554
77.275	-0.6554
77.3	-0.661312
77.3	-0.661312
77.325	-0.667183
77.325	-0.667183
77.35	-0.673012
77.35	-0.673012
77.375	-0.678801
77.375	-0.678801
77.4	-0.684547
77.4	-0.684547
77.425	-0.690251
77.425	-0.690251
77.45	-0.695913
77.45	-0.695913
77.475	-0.701531
77.475	-0.701531
77.5	-0.707107
77.5	-0.707107
77.525	-0.712638
77.525	-0.712638
77.55	-0.718126
77.55	-0.718126
77.575	-0.72357
77.575	-0.72357
77.6	-0.728969
77.6	-0.728969
77.625	-0.734322
77.625	-0.734322
77.65	-0.739631
77.65	-0.739631
77.675	-0.744894
77.675	-0.744894
77.7	-0.750111
77.7	-0.750111
77.725	-0.755282
77.725	-0.755282
77.75	-0.760406
77.75	-0.760406
77.775	-0.765483
77.775	-0.765483
77.8	-0.770513
77.8	-0.770513
77.825	-0.775496
77.825	-0.775496
77.85	-0.78043
77.85	-0.78043
77.875	-0.785317
77.875	-0.785317
77.9	-0.790155
77.9	-0.790155
77.925	-0.794944
77.925	-0.794944
77.95	-0.799685
77.95	-0.799685
77.975	-0.804376
77.975	-0.804376
78	-0.809017
78	-0.809017
78.025	-0.813608
78.025	-0.813608
78.05	-0.81815
78.05	-0.81815
78.075	-0.822641
78.075	-0.822641
78.1	-0.827081
78.1	-0.827081
78.125	-0.83147
78.125	-0.83147
78.15	-0.835807
78.15	-0.835807
78.175	-0.840094
78.175	-0.840094
78.2	-0.844328
78.2	-0.844328
78.225	-0.84851
78.225	-0.84851
78.25	-0.85264
78.25	-0.85264
78.275	-0.856718
78.275	-0.856718
78.3	-0.860742
78.3	-0.860742
78.325	-0.864713
78.325	-0.864713
78.35	-0.868632
78.35	-0.868632
78.375	-0.872496
78.375	-0.872496
78.4	-0.876307
78.4	-0.876307
78.425	-0.880063
78.425	-0.880063
78.45	-0.883766
78.45	-0.883766
78.475	-0.887413
78.475	-0.887413
78.5	-0.891007
78.5	-0.891007
78.525	-0.894545
78.525	-0.894545
78.55	-0.898028
78.55	-0.898028
78.575	-0.901455
78.575	-0.901455
78.6	-0.904827
78.6	-0.904827
78.625	-0.908143
78.625	-0.908143
78.65	-0.911403
78.65	-0.911403
78.675	-0.914607
78.675	-0.914607
78.7	-0.917755
78.7	-0.917755
78.725	-0.920846
78.725	-0.920846
78.75	-0.92388
78.75	-0.92388
78.775	-0.926857
78.775	-0.926857
78.8	-0.929776
78.8	-0.929776
78.825	-0.932639
78.825	-0.932639
78.85	-0.935444
78.85	-0.935444
78.875	-0.938191
78.875	-0.938191
78.9	-0.940881
78.9	-0.940881
78.925	-0.943512
78.925	-0.943512
78.95	-0.946085
78.95	-0.946085
78.975	-0.9486
78.975	-0.9486
79	-0.951057
79	-0.951057
79.025	-0.953454
79.025	-0.953454
79.05	-0.955793
79.05	-0.955793
79.075	-0.958073
79.075	-0.958073
79.1	-0.960294
79.1	-0.960294
79.125	-0.962455
79.125	-0.962455
79.15	-0.964557
79.15	-0.964557
79.175	-0.9666
79.175	-0.9666
79.2	-0.968583
79.2	-0.968583
79.225	-0.970506
79.225	-0.970506
79.25	-0.97237
79.25	-0.97237
79.275	-0.974173
79.275	-0.974173
79.3	-0.975917
79.3	-0.975917
79.325	-0.9776
79.325	-0.9776
79.35	-0.979223
79.35	-0.979223
79.375	-0.980785
79.375	-0.980785
79.4	-0.982287
79.4	-0.982287
79.425	-0.983729
79.425	-0.983729
79.45	-0.985109
79.45	-0.985109
79.475	-0.986429
79.475	-0.986429
79.5	-0.987688
79.5	-0.987688
79.525	-0.988886
79.525	-0.988886
79.55	-0.990024
79.55	-0.990024
79.575	-0.9911
79.575	-0.9911
79.6	-0.992115
79.6	-0.992115
79.625	-0.993068
79.625	-0.993068
79.65	-0.993961
79.65	-0.993961
79.675	-0.994792
79.675	-0.994792
79.7	-0.995562
79.7	-0.995562
79.725	-0.99627
79.725	-0.99627
79.75	-0.996917
79.75	-0.996917
79.775	-0.997503
79.775	-0.997503
79.8	-0.998027
79.8	-0.998027
79.825	-0.998489
79.825	-0.998489
79.85	-0.99889
79.85	-0.99889
79.875	-0.999229
79.875	-0.999229
79.9	-0.999507
79.9	-0.999507
79.925	-0.999722
79.925	-0.999722
79.95	-0.999877
79.95	-0.999877
79.975	-0.999969
79.975	-0.999969
80	-1
80	-1
80.025	-0.999969
80.025	-0.999969
80.05	-0.999877
80.05	-0.999877
80.075	-0.999722
80.075	-0.999722
80.1	-0.999507
80.1	-0.999507
80.125	-0.999229
80.125	-0.999229
80.15	-0.99889
80.15	-0.99889
80.175	-0.998489
80.175	-0.998489
80.2	-0.998027
80.2	-0.998027
80.225	-0.997503
80.225	-0.997503
80.25	-0.996917
80.25	-0.996917
80.275	-0.99627
80.275	-0.99627
80.3	-0.995562
80.3	-0.995562
80.325	-0.994792
80.325	-0.994792
80.35	-0.993961
80.35	-0.993961
80.375	-0.993068
80.375	-0.993068
80.4	-0.992115
80.4	-0.992115
80.425	-0.9911
80.425	-0.9911
80.45	-0.990024
80.45	-0.990024
80.475	-0.988886
80.475	-0.988886
80.5	-0.987688
80.5	-0.987688
80.525	-0.986429
80.525	-0.986429
80.55	-0.985109
80.55	-0.985109
80.575	-0.983729
80.575	-0.983729
80.6	-0.982287
80.6	-0.982287
80.625	-0.980785
80.625	-0.980785
80.65	-0.979223
80.65	-0.979223
80.675	-0.9776
80.675	-0.9776
80.7	-0.975917
80.7	-0.975917
80.725	-0.974173
80.725	-0.974173
80.75	-0.97237
80.75	-0.97237
80.775	-0.970506
80.775	-0.970506
80.8	-0.968583
80.8	-0.968583
80.825	-0.9666
80.825	-0.9666
80.85	-0.964557
80.85	-0.964557
80.875	-0.962455
80.875	-0.962455
80.9	-0.960294
80.9	-0.960294
80.925	-0.958073
80.925	-0.958073
80.95	-0.955793
80.95	-0.955793
80.975	-0.953454
80.975	-0.953454
81	-0.951057
81	-0.951057
81.025	-0.9486
81.025	-0.9486
81.05	-0.946085
81.05	-0.946085
81.075	-0.943512
81.075	-0.943512
81.1	-0.940881
81.1	-0.940881
81.125	-0.938191
81.125	-0.938191
81.15	-0.935444
81.15	-0.935444
81.175	-0.932639
81.175	-0.932639
81.2	-0.929776
81.2	-0.929776
81.225	-0.926857
81.225	-0.926857
81.25	-0.92388
81.25	-0.92388
81.275	-0.920846
81.275	-0.920846
81.3	-0.917755
81.3	-0.917755
81.325	-0.914607
81.325	-0.914607
81.35	-0.911403
81.35	-0.911403
81.375	-0.908143
81.375	-0.908143
81.4	-0.904827
81.4	-0.904827
81.425	-0.901455
81.425	-0.901455
81.45	-0.898028
81.45	-0.898028
81.475	-0.894545
81.475	-0.894545
81.5	-0.891007
81.5	-0.891007
81.525	-0.887413
81.525	-0.887413
81.55	-0.883766
81.55	-0.883766
81.575	-0.880063
81.575	-0.880063
81.6	-0.876307
81.6	-0.876307
81.625	-0.872496
81.625	-0.872496
81.65	-0.868632
81.65	-0.868632
81.675	-0.864713
81.675	-0.864713
81.7	-0.860742
81.7	-0.860742
81.725	-0.856718
81.725	-0.856718
81.75	-0.85264
81.75	-0.85264
81.775	-0.84851
81.775	-0.84851
81.8	-0.844328
81.8	-0.844328
81.825	-0.840094
81.825	-0.840094
81.85	-0.835807
81.85	-0.835807
81.875	-0.83147
81.875	-0.83147
81.9	-0.827081
81.9	-0.827081
81.925	-0.822641
81.925	-0.822641
81.95	-0.81815
81.95	-0.81815
81.975	-0.813608
81.975	-0.813608
82	-0.809017
82	-0.809017
82.025	-0.804376
82.025	-0.804376
82.05	-0.799685
82.05	-0.799685
82.075	-0.794944
82.075	-0.794944
82.1	-0.790155
82.1	-0.790155
82.125	-0.785317
82.125	-0.785317
82.15	-0.78043
82.15	-0.78043
82.175	-0.775496
82.175	-0.775496
82.2	-0.770513
82.2	-0.770513
82.225	-0.765483
82.225	-0.765483
82.25	-0.760406
82.25	-0.760406
82.275	-0.755282
82.275	-0.755282
82.3	-0.750111
82.3	-0.750111
82.325	-0.744894
82.325	-0.744894
82.35	-0.739631
82.35	-0.739631
82.375	-0.734322
82.375	-0.734322
82.4	-0.728969
82.4	-0.728969
82.425	-0.72357
82.425	-0.72357
82.45	-0.718126
82.45	-0.718126
82.475	-0.712638
82.475	-0.712638
82.5	-0.707107
82.5	-0.707107
82.525	-0.701531
82.525	-0.701531
82.55	-0.695913
82.55	-0.695913
82.575	-0.690251
82.575	-0.690251
82.6	-0.684547
82.6	-0.684547
82.625	-0.678801
82.625	-0.678801
82.65	-0.673012
82.65	-0.673012
82.675	-0.667183
82.675	-0.667183
82.7	-0.661312
82.7	-0.661312
82.725	-0.6554
82.725	-0.6554
82.75	-0.649448
82.75	-0.649448
82.775	-0.643456
82.775	-0.643456
82.8	-0.637424
82.8	-0.637424
82.825	-0.631353
82.825	-0.631353
82.85	-0.625243
82.85	-0.625243
82.875	-0.619094
82.875	-0.619094
82.9	-0.612907
82.9	-0.612907
82.925	-0.606682
82.925	-0.606682
82.95	-0.60042
82.95	-0.60042
82.975	-0.594121
82.975	-0.594121
83	-0.587785
83	-0.587785
83.025	-0.581413
83.025	-0.581413
83.05	-0.575005
83.05	-0.575005
83.075	-0.568562
83.075	-0.568562
83.1	-0.562083
83.1	-0.562083
83.125	-0.55557
83.125	-0.55557
83.15	-0.549023
83.15	-0.549023
83.175	-0.542442
83.175	-0.542442
83.2	-0.535827
83.2	-0.535827
83.225	-0.529179
83.225	-0.529179
83.25	-0.522499
83.25	-0.522499
83.275	-0.515786
83.275	-0.515786
83.3	-0.509041
83.3	-0.509041
83.325	-0.502266
83.325	-0.502266
83.35	-0.495459
83.35	-0.495459
83.375	-0.488621
83.375	-0.488621
83.4	-0.481754
83.4	-0.481754
83.425	-0.474856
83.425	-0.474856
83.45	-0.46793
83.45	-0.46793
83.475	-0.460974
83.475	-0.460974
83.5	-0.45399
83.5	-0.45399
83.525	-0.446979
83.525	-0.446979
83.55	-0.439939
83.55	-0.439939
83.575	-0.432873
83.575	-0.432873
83.6	-0.425779
83.6	-0.425779
83.625	-0.41866
83.625	-0.41866
83.65	-0.411514
83.65	-0.411514
83.675	-0.404344
83.675	-0.404344
83.7	-0.397148
83.7	-0.397148
83.725	-0.389928
83.725	-0.389928
83.75	-0.382683
83.75	-0.382683
83.775	-0.375416
83.775	-0.375416
83.8	-0.368125
83.8	-0.368125
83.825	-0.360811
83.825	-0.360811
83.85	-0.353475
83.85	-0.353475
83.875	-0.346117
83.875	-0.346117
83.9	-0.338738
83.9	-0.338738
83.925	-0.331338
83.925	-0.331338
83.95	-0.323917
83.95	-0.323917
83.975	-0.316477
83.975	-0.316477
84	-0.309017
84	-0.309017
84.025	-0.301538
84.025	-0.301538
84.05	-0.29404
84.05	-0.29404
84.075	-0.286525
84.075	-0.286525
84.1	-0.278991
84.1	-0.278991
84.125	-0.27144
84.125	-0.27144
84.15	-0.263873
84.15	-0.263873
84.175	-0.256289
84.175	-0.256289
84.2	-0.24869
84.2	-0.24869
84.225	-0.241075
84.225	-0.241075
84.25	-0.233445
84.25	-0.233445
84.275	-0.225801
84.275	-0.225801
84.3	-0.218143
84.3	-0.218143
84.325	-0.210472
84.325	-0.210472
84.35	-0.202787
84.35	-0.202787
84.375	-0.19509
84.375	-0.19509
84.4	-0.187381
84.4	-0.187381
84.425	-0.179661
84.425	-0.179661
84.45	-0.171929
84.45	-0.171929
84.475	-0.164187
84.475	-0.164187
84.5	-0.156434
84.5	-0.156434
84.525	-0.148672
84.525	-0.148672
84.55	-0.140901
84.55	-0.140901
84.575	-0.133121
84.575	-0.133121
84.6	-0.125333
84.6	-0.125333
84.625	-0.117537
84.625	-0.117537
84.65	-0.109734
84.65	-0.109734
84.675	-0.101924
84.675	-0.101924
84.7	-0.0941083
84.7	-0.0941083
84.725	-0.0862864
84.725	-0.0862864
84.75	-0.0784591
84.75	-0.0784591
84.775	-0.070627
84.775	-0.070627
84.8	-0.0627905
84.8	-0.0627905
84.825	-0.0549502
84.825	-0.0549502
84.85	-0.0471065
84.85	-0.0471065
84.875	-0.0392598
84.875	-0.0392598
84.9	-0.0314108
84.9	-0.0314108
84.925	-0.0235598
84.925	-0.0235598
84.95	-0.0157073
84.95	-0.0157073
84.975	-0.0078539
84.975	-0.0078539
85	3.73648e-12
85	3.73648e-12
85.025	0.0078539
85.025	0.0078539
85.05	0.0157073
85.05	0.0157073
85.075	0.0235598
85.075	0.0235598
85.1	0.0314108
85.1	0.0314108
85.125	0.0392598
85.125	0.0392598
85.15	0.0471065
85.15	0.0471065
85.175	0.0549502
85.175	0.0549502
85.2	0.0627905
85.2	0.0627905
85.225	0.070627
85.225	0.070627
85.25	0.0784591
85.25	0.0784591
85.275	0.0862864
85.275	0.0862864
85.3	0.0941083
85.3	0.0941083
85.325	0.101924
85.325	0.101924
85.35	0.109734
85.35	0.109734
85.375	0.117537
85.375	0.117537
85.4	0.125333
85.4	0.125333
85.425	0.133121
85.425	0.133121
85.45	0.140901
85.45	0.140901
85.475	0.148672
85.475	0.148672
85.5	0.156434
85.5	0.156434
85.525	0.164187
85.525	0.164187
85.55	0.171929
85.55	0.171929
85.575	0.179661
85.575	0.179661
85.6	0.187381
85.6	0.187381
85.625	0.19509
85.625	0.19509
85.65	0.202787
85.65	0.202787
85.675	0.210472
85.675	0.210472
85.7	0.218143
85.7	0.218143
85.725	0.225801
85.725	0.225801
85.75	0.233445
85.75	0.233445
85.775	0.241075
85.775	0.241075
85.8	0.24869
85.8	0.24869
85.825	0.256289
85.825	0.256289
85.85	0.263873
85.85	0.263873
85.875	0.27144
85.875	0.27144
85.9	0.278991
85.9	0.278991
85.925	0.286525
85.925	0.286525
85.95	0.29404
85.95	0.29404
85.975	0.301538
85.975	0.301538
86	0.309017
86	0.309017
86.025	0.316477
86.025	0.316477
86.05	0.323917
86.05	0.323917
86.075	0.331338
86.075	0.331338
86.1	0.338738
86.1	0.338738
86.125	0.346117
86.125	0.346117
86.15	0.353475
86.15	0.353475
86.175	0.360811
86.175	0.360811
86.2	0.368125
86.2	0.368125
86.225	0.375416
86.225	0.375416
86.25	0.382683
86.25	0.382683
86.275	0.389928
86.275	0.389928
86.3	0.397148
86.3	0.397148
86.325	0.404344
86.325	0.404344
86.35	0.411514
86.35	0.411514
86.375	0.41866
86.375	0.41866
86.4	0.425779
86.4	0.425779
86.425	0.432873
86.425	0.432873
86.45	0.439939
86.45	0.439939
86.475	0.446979
86.475	0.446979
86.5	0.45399
86.5	0.45399
86.525	0.460974
86.525	0.460974
86.55	0.46793
86.55	0.46793
86.575	0.474856
86.575	0.474856
86.6	0.481754
86.6	0.481754
86.625	0.488621
86.625	0.488621
86.65	0.495459
86.65	0.495459
86.675	0.502266
86.675	0.502266
86.7	0.509041
86.7	0.509041
86.725	0.515786
86.725	0.515786
86.75	0.522499
86.75	0.522499
86.775	0.529179
86.775	0.529179
86.8	0.535827
86.8	0.535827
86.825	0.542442
86.825	0.542442
86.85	0.549023
86.85	0.549023
86.875	0.55557
86.875	0.55557
86.9	0.562083
86.9	0.562083
86.925	0.568562
86.925	0.568562
86.95	0.575005
86.95	0.575005
86.975	0.581413
86.975	0.581413
87	0.587785
87	0.587785
87.025	0.594121
87.025	0.594121
87.05	0.60042
87.05	0.60042
87.075	0.606682
87.075	0.606682
87.1	0.612907
87.1	0.612907
87.125	0.619094
87.125	0.619094
87.15	0.625243
87.15	0.625243
87.175	0.631353
87.175	0.631353
87.2	0.637424
87.2	0.637424
87.225	0.643456
87.225	0.643456
87.25	0.649448
87.25	0.649448
87.275	0.6554
87.275	0.6554
87.3	0.661312
87.3	0.661312
87.325	0.667183
87.325	0.667183
87.35	0.673012
87.35	0.673012
87.375	0.678801
87.375	0.678801
87.4	0.684547
87.4	0.684547
87.425	0.690251
87.425	0.690251
87.45	0.695913
87.45	0.695913
87.475	0.701531
87.475	0.701531
87.5	0.707107
87.5	0.707107
87.525	0.712638
87.525	0.712638
87.55	0.718126
87.55	0.718126
87.575	0.72357
87.575	0.72357
87.6	0.728969
87.6	0.728969
87.625	0.734322
87.625	0.734322
87.65	0.739631
87.65	0.739631
87.675	0.744894
87.675	0.744894
87.7	0.750111
87.7	0.750111
87.725	0.755282
87.725	0.755282
87.75	0.760406
87.75	0.760406
87.775	0.765483
87.775	0.765483
87.8	0.770513
87.8	0.770513
87.825	0.775496
87.825	0.775496
87.85	0.78043
87.85	0.78043
87.875	0.785317
87.875	0.785317
87.9	0.790155
87.9	0.790155
87.925	0.794944
87.925	0.794944
87.95	0.799685
87.95	0.799685
87.975	0.804376
87.975	0.804376
88	0.809017
88	0.809017
88.025	0.813608
88.025	0.813608
88.05	0.81815
88.05	0.81815
88.075	0.822641
88.075	0.822641
88.1	0.827081
88.1	0.827081
88.125	0.83147
88.125	0.83147
88.15	0.835807
88.15	0.835807
88.175	0.840094
88.175	0.840094
88.2	0.844328
88.2	0.844328
88.225	0.84851
88.225	0.84851
88.25	0.85264
88.25	0.85264
88.275	0.856718
88.275	0.856718
88.3	0.860742
88.3	0.860742
88.325	0.864713
88.325	0.864713
88.35	0.868632
88.35	0.868632
88.375	0.872496
88.375	0.872496
88.4	0.876307
88.4	0.876307
88.425	0.880063
88.425	0.880063
88.45	0.883766
88.45	0.883766
88.475	0.887413
88.475	0.887413
88.5	0.891007
88.5	0.891007
88.525	0.894545
88.525	0.894545
88.55	0.898028
88.55	0.898028
88.575	0.901455
88.575	0.901455
88.6	0.904827
88.6	0.904827
88.625	0.908143
88.625	0.908143
88.65	0.911403
88.65	0.911403
88.675	0.914607
88.675	0.914607
88.7	0.917755
88.7	0.917755
88.725	0.920846
88.725	0.920846
88.75	0.92388
88.75	0.92388
88.775	0.926857
88.775	0.926857
88.8	0.929776
88.8	0.929776
88.825	0.932639
88.825	0.932639
88.85	0.935444
88.85	0.935444
88.875	0.938191
88.875	0.938191
88.9	0.940881
88.9	0.940881
88.925	0.943512
88.925	0.943512
88.95	0.946085
88.95	0.946085
88.975	0.9486
88.975	0.9486
89	0.951057
89	0.951057
89.025	0.953454
89.025	0.953454
89.05	0.955793
89.05	0.955793
89.075	0.958073
89.075	0.958073
89.1	0.960294
89.1	0.960294
89.125	0.962455
89.125	0.962455
89.15	0.964557
89.15	0.964557
89.175	0.9666
89.175	0.9666
89.2	0.968583
89.2	0.968583
89.225	0.970506
89.225	0.970506
89.25	0.97237
89.25	0.97237
89.275	0.974173
89.275	0.974173
89.3	0.975917
89.3	0.975917
89.325	0.9776
89.325	0.9776
89.35	0.979223
89.35	0.979223
89.375	0.980785
89.375	0.980785
89.4	0.982287
89.4	0.982287
89.425	0.983729
89.425	0.983729
89.45	0.985109
89.45	0.985109
89.475	0.986429
89.475	0.986429
89.5	0.987688
89.5	0.987688
89.525	0.988886
89.525	0.988886
89.55	0.990024
89.55	0.990024
89.575	0.9911
89.575	0.9911
89.6	0.992115
89.6	0.992115
89.625	0.993068
89.625	0.993068
89.65	0.993961
89.65	0.993961
89.675	0.994792
89.675	0.994792
89.7	0.995562
89.7	0.995562
89.725	0.99627
89.725	0.99627
89.75	0.996917
89.75	0.996917
89.775	0.997503
89.775	0.997503
89.8	0.998027
89.8	0.998027
89.825	0.998489
89.825	0.998489
89.85	0.99889
89.85	0.99889
89.875	0.999229
89.875	0.999229
89.9	0.999507
89.9	0.999507
89.925	0.999722
89.925	0.999722
89.95	0.999877
89.95	0.999877
89.975	0.999969
89.975	0.999969
90	1
90	1
90.025	0.999969
90.025	0.999969
90.05	0.999877
90.05	0.999877
90.075	0.999722
90.075	0.999722
90.1	0.999507
90.1	0.999507
90.125	0.999229
90.125	0.999229
90.15	0.99889
90.15	0.99889
90.175	0.998489
90.175	0.998489
90.2	0.998027
90.2	0.998027
90.225	0.997503
90.225	0.997503
90.25	0.996917
90.25	0.996917
90.275	0.99627
90.275	0.99627
90.3	0.995562
90.3	0.995562
90.325	0.994792
90.325	0.994792
90.35	0.993961
90.35	0.993961
90.375	0.993068
90.375	0.993068
90.4	0.992115
90.4	0.992115
90.425	0.9911
90.425	0.9911
90.45	0.990024
90.45	0.990024
90.475	0.988886
90.475	0.988886
90.5	0.987688
90.5	0.987688
90.525	0.986429
90.525	0.986429
90.55	0.985109
90.55	0.985109
90.575	0.983729
90.575	0.983729
90.6	0.982287
90.6	0.982287
90.625	0.980785
90.625	0.980785
90.65	0.979223
90.65	0.979223
90.675	0.9776
90.675	0.9776
90.7	0.975917
90.7	0.975917
90.725	0.974173
90.725	0.974173
90.75	0.97237
90.75	0.97237
90.775	0.970506
90.775	0.970506
90.8	0.968583
90.8	0.968583
90.825	0.9666
90.825	0.9666
90.85	0.964557
90.85	0.964557
90.875	0.962455
90.875	0.962455
90.9	0.960294
90.9	0.960294
90.925	0.958073
90.925	0.958073
90.95	0.955793
90.95	0.955793
90.975	0.953454
90.975	0.953454
91	0.951057
91	0.951057
91.025	0.9486
91.025	0.9486
91.05	0.946085
91.05	0.946085
91.075	0.943512
91.075	0.943512
91.1	0.940881
91.1	0.940881
91.125	0.938191
91.125	0.938191
91.15	0.935444
91.15	0.935444
91.175	0.932639
91.175	0.932639
91.2	0.929776
91.2	0.929776
91.225	0.926857
91.225	0.926857
91.25	0.92388
91.25	0.92388
91.275	0.920846
91.275	0.920846
91.3	0.917755
91.3	0.917755
91.325	0.914607
91.325	0.914607
91.35	0.911403
91.35	0.911403
91.375	0.908143
91.375	0.908143
91.4	0.904827
91.4	0.904827
91.425	0.901455
91.425	0.901455
91.45	0.898028
91.45	0.898028
91.475	0.894545
91.475	0.894545
91.5	0.891007
91.5	0.891007
91.525	0.887413
91.525	0.887413
91.55	0.883766
91.55	0.883766
91.575	0.880063
91.575	0.880063
91.6	0.876307
91.6	0.876307
91.625	0.872496
91.625	0.872496
91.65	0.868632
91.65	0.868632
91.675	0.864713
91.675	0.864713
91.7	0.860742
91.7	0.860742
91.725	0.856718
91.725	0.856718
91.75	0.85264
91.75	0.85264
91.775	0.84851
91.775	0.84851
91.8	0.844328
91.8	0.844328
91.825	0.840094
91.825	0.840094
91.85	0.835807
91.85	0.835807
91.875	0.83147
91.875	0.83147
91.9	0.827081
91.9	0.827081
91.925	0.822641
91.925	0.822641
91.95	0.81815
91.95	0.81815
91.975	0.813608
91.975	0.813608
92	0.809017
92	0.809017
92.025	0.804376
92.025	0.804376
92.05	0.799685
92.05	0.799685
92.075	0.794944
92.075	0.794944
92.1	0.790155
92.1	0.790155
92.125	0.785317
92.125	0.785317
92.15	0.78043
92.15	0.78043
92.175	0.775496
92.175	0.775496
92.2	0.770513
92.2	0.770513
92.225	0.765483
92.225	0.765483
92.25	0.760406
92.25	0.760406
92.275	0.755282
92.275	0.755282
92.3	0.750111
92.3	0.750111
92.325	0.744894
92.325	0.744894
92.35	0.739631
92.35	0.739631
92.375	0.734322
92.375	0.734322
92.4	0.728969
92.4	0.728969
92.425	0.72357
92.425	0.72357
92.45	0.718126
92.45	0.718126
92.475	0.712638
92.475	0.712638
92.5	0.707107
92.5	0.707107
92.525	0.701531
92.525	0.701531
92.55	0.695913
92.55	0.695913
92.575	0.690251
92.575	0.690251
92.6	0.684547
92.6	0.684547
92.625	0.678801
92.625	0.678801
92.65	0.673012
92.65	0.673012
92.675	0.667183
92.675	0.667183
92.7	0.661312
92.7	0.661312
92.725	0.6554
92.725	0.6554
92.75	0.649448
92.75	0.649448
92.775	0.643456
92.775	0.643456
92.8	0.637424
92.8	0.637424
92.825	0.631353
92.825	0.631353
92.85	0.625243
92.85	0.625243
92.875	0.619094
92.875	0.619094
92.9	0.612907
92.9	0.612907
92.925	0.606682
92.925	0.606682
92.95	0.60042
92.95	0.60042
92.975	0.594121
92.975	0.594121
93	0.587785
93	0.587785
93.025	0.581413
93.025	0.581413
93.05	0.575005
93.05	0.575005
93.075	0.568562
93.075	0.568562
93.1	0.562083
93.1	0.562083
93.125	0.55557
93.125	0.55557
93.15	0.549023
93.15	0.549023
93.175	0.542442
93.175	0.542442
93.2	0.535827
93.2	0.535827
93.225	0.529179
93.225	0.529179
93.25	0.522499
93.25	0.522499
93.275	0.515786
93.275	0.515786
93.3	0.509041
93.3	0.509041
93.325	0.502266
93.325	0.502266
93.35	0.495459
93.35	0.495459
93.375	0.488621
93.375	0.488621
93.4	0.481754
93.4	0.481754
93.425	0.474856
93.425	0.474856
93.45	0.46793
93.45	0.46793
93.475	0.460974
93.475	0.460974
93.5	0.45399
93.5	0.45399
93.525	0.446979
93.525	0.446979
93.55	0.439939
93.55	0.439939
93.575	0.432873
93.575	0.432873
93.6	0.425779
93.6	0.425779
93.625	0.41866
93.625	0.41866
93.65	0.411514
93.65	0.411514
93.675	0.404344
93.675	0.404344
93.7	0.397148
93.7	0.397148
93.725	0.389928
93.725	0.389928
93.75	0.382683
93.75	0.382683
93.775	0.375416
93.775	0.375416
93.8	0.368125
93.8	0.368125
93.825	0.360811
93.825	0.360811
93.85	0.353475
93.85	0.353475
93.875	0.346117
93.875	0.346117
93.9	0.338738
93.9	0.338738
93.925	0.331338
93.925	0.331338
93.95	0.323917
93.95	0.323917
93.975	0.316477
93.975	0.316477
94	0.309017
94	0.309017
94.025	0.301538
94.025	0.301538
94.05	0.29404
94.05	0.29404
94.075	0.286525
94.075	0.286525
94.1	0.278991
94.1	0.278991
94.125	0.27144
94.125	0.27144
94.15	0.263873
94.15	0.263873
94.175	0.256289
94.175	0.256289
94.2	0.24869
94.2	0.24869
94.225	0.241075
94.225	0.241075
94.25	0.233445
94.25	0.233445
94.275	0.225801
94.275	0.225801
94.3	0.218143
94.3	0.218143
94.325	0.210472
94.325	0.210472
94.35	0.202787
94.35	0.202787
94.375	0.19509
94.375	0.19509
94.4	0.187381
94.4	0.187381
94.425	0.179661
94.425	0.179661
94.45	0.171929
94.45	0.171929
94.475	0.164187
94.475	0.164187
94.5	0.156434
94.5	0.156434
94.525	0.148672
94.525	0.148672
94.55	0.140901
94.55	0.140901
94.575	0.133121
94.575	0.133121
94.6	0.125333
94.6	0.125333
94.625	0.117537
94.625	0.117537
94.65	0.109734
94.65	0.109734
94.675	0.101924
94.675	0.101924
94.7	0.0941083
94.7	0.0941083
94.725	0.0862864
94.725	0.0862864
94.75	0.0784591
94.75	0.0784591
94.775	0.070627
94.775	0.070627
94.8	0.0627905
94.8	0.0627905
94.825	0.0549502
94.825	0.0549502
94.85	0.0471065
94.85	0.0471065
94.875	0.0392598
94.875	0.0392598
94.9	0.0314108
94.9	0.0314108
94.925	0.0235598
94.925	0.0235598
94.95	0.0157073
94.95	0.0157073
94.975	0.0078539
94.975	0.0078539
95	-4.45045e-12
95	-4.45045e-12
95.025	-0.0078539
95.025	-0.0078539
95.05	-0.0157073
95.05	-0.0157073
95.075	-0.0235598
95.075	-0.0235598
95.1	-0.0314108
95.1	-0.0314108
95.125	-0.0392598
95.125	-0.0392598
95.15	-0.0471065
95.15	-0.0471065
95.175	-0.0549502
95.175	-0.0549502
95.2	-0.0627905
95.2	-0.0627905
95.225	-0.070627
95.225	-0.070627
95.25	-0.0784591
95.25	-0.0784591
95.275	-0.0862864
95.275	-0.0862864
95.3	-0.0941083
95.3	-0.0941083
95.325	-0.101924
95.325	-0.101924
95.35	-0.109734
95.35	-0.109734
95.375	-0.117537
95.375	-0.117537
95.4	-0.125333
95.4	-0.125333
95.425	-0.133121
95.425	-0.133121
95.45	-0.140901
95.45	-0.140901
95.475	-0.148672
95.475	-0.148672
95.5	-0.156434
95.5	-0.156434
95.525	-0.164187
95.525	-0.164187
95.55	-0.171929
95.55	-0.171929
95.575	-0.179661
95.575	-0.179661
95.6	-0.187381
95.6	-0.187381
95.625	-0.19509
95.625	-0.19509
95.65	-0.202787
95.65	-0.202787
95.675	-0.210472
95.675	-0.210472
95.7	-0.218143
95.7	-0.218143
95.725	-0.225801
95.725	-0.225801
95.75	-0.233445
95.75	-0.233445
95.775	-0.241075
95.775	-0.241075
95.8	-0.24869
95.8	-0.24869
95.825	-0.256289
95.825	-0.256289
95.85	-0.263873
95.85	-0.263873
95.875	-0.27144
95.875	-0.27144
95.9	-0.278991
95.9	-0.278991
95.925	-0.286525
95.925	-0.286525
95.95	-0.29404
95.95	-0.29404
95.975	-0.301538
95.975	-0.301538
96	-0.309017
96	-0.309017
96.025	-0.316477
96.025	-0.316477
96.05	-0.323917
96.05	-0.323917
96.075	-0.331338
96.075	-0.331338
96.1	-0.338738
96.1	-0.338738
96.125	-0.346117
96.125	-0.346117
96.15	-0.353475
96.15	-0.353475
96.175	-0.360811
96.175	-0.360811
96.2	-0.368125
96.2	-0.368125
96.225	-0.375416
96.225	-0.375416
96.25	-0.382683
96.25	-0.382683
96.275	-0.389928
96.275	-0.389928
96.3	-0.397148
96.3	-0.397148
96.325	-0.404344
96.325	-0.404344
96.35	-0.411514
96.35	-0.411514
96.375	-0.41866
96.375	-0.41866
96.4	-0.425779
96.4	-0.425779
96.425	-0.432873
96.425	-0.432873
96.45	-0.439939
96.45	-0.439939
96.475	-0.446979
96.475	-0.446979
96.5	-0.45399
96.5	-0.45399
96.525	-0.460974
96.525	-0.460974
96.55	-0.46793
96.55	-0.46793
96.575	-0.474856
96.575	-0.474856
96.6	-0.481754
96.6	-0.481754
96.625	-0.488621
96.625	-0.488621
96.65	-0.495459
96.65	-0.495459
96.675	-0.502266
96.675	-0.502266
96.7	-0.509041
96.7	-0.509041
96.725	-0.515786
96.725	-0.515786
96.75	-0.522499
96.75	-0.522499
96.775	-0.529179
96.775	-0.529179
96.8	-0.535827
96.8	-0.535827
96.825	-0.542442
96.825	-0.542442
96.85	-0.549023
96.85	-0.549023
96.875	-0.55557
96.875	-0.55557
96.9	-0.562083
96.9	-0.562083
96.925	-0.568562
96.925	-0.568562
96.95	-0.575005
96.95	-0.575005
96.975	-0.581413
96.975	-0.581413
97	-0.587785
97	-0.587785
97.025	-0.594121
97.025	-0.594121
97.05	-0.60042
97.05	-0.60042
97.075	-0.606682
97.075	-0.606682
97.1	-0.612907
97.1	-0.612907
97.125	-0.619094
97.125	-0.619094
97.15	-0.625243
97.15	-0.625243
97.175	-0.631353
97.175	-0.631353
97.2	-0.637424
97.2	-0.637424
97.225	-0.643456
97.225	-0.643456
97.25	-0.649448
97.25	-0.649448
97.275	-0.6554
97.275	-0.6554
97.3	-0.661312
97.3	-0.661312
97.325	-0.667183
97.325	-0.667183
97.35	-0.673012
97.35	-0.673012
97.375	-0.678801
97.375	-0.678801
97.4	-0.684547
97.4	-0.684547
97.425	-0.690251
97.425	-0.690251
97.45	-0.695913
97.45	-0.695913
97.475	-0.701531
97.475	-0.701531
97.5	-0.707107
97.5	-0.707107
97.525	-0.712638
97.525	-0.712638
97.55	-0.718126
97.55	-0.718126
97.575	-0.72357
97.575	-0.72357
97.6	-0.728969
97.6	-0.728969
97.625	-0.734322
97.625	-0.734322
97.65	-0.739631
97.65	-0.739631
97.675	-0.744894
97.675	-0.744894
97.7	-0.750111
97.7	-0.750111
97.725	-0.755282
97.725	-0.755282
97.75	-0.760406
97.75	-0.760406
97.775	-0.765483
97.775	-0.765483
97.8	-0.770513
97.8	-0.770513
97.825	-0.775496
97.825	-0.775496
97.85	-0.78043
97.85	-0.78043
97.875	-0.785317
97.875	-0.785317
97.9	-0.790155
97.9	-0.790155
97.925	-0.794944
97.925	-0.794944
97.95	-0.799685
97.95	-0.799685
97.975	-0.804376
97.975	-0.804376
98	-0.809017
98	-0.809017
98.025	-0.813608
98.025	-0.813608
98.05	-0.81815
98.05	-0.81815
98.075	-0.822641
98.075	-0.822641
98.1	-0.827081
98.1	-0.827081
98.125	-0.83147
98.125	-0.83147
98.15	-0.835807
98.15	-0.835807
98.175	-0.840094
98.175	-0.840094
98.2	-0.844328
98.2	-0.844328
98.225	-0.84851
98.225	-0.84851
98.25	-0.85264
98.25	-0.85264
98.275	-0.856718
98.275	-0.856718
98.3	-0.860742
98.3	-0.860742
98.325	-0.864713
98.325	-0.864713
98.35	-0.868632
98.35	-0.868632
98.375	-0.872496
98.375	-0.872496
98.4	-0.876307
98.4	-0.876307
98.425	-0.880063
98.425	-0.880063
98.45	-0.883766
98.45	-0.883766
98.475	-0.887413
98.475	-0.887413
98.5	-0.891007
98.5	-0.891007
98.525	-0.894545
98.525	-0.894545
98.55	-0.898028
98.55	-0.898028
98.575	-0.901455
98.575	-0.901455
98.6	-0.904827
98.6	-0.904827
98.625	-0.908143
98.625	-0.908143
98.65	-0.911403
98.65	-0.911403
98.675	-0.914607
98.675	-0.914607
98.7	-0.917755
98.7	-0.917755
98.725	-0.920846
98.725	-0.920846
98.75	-0.92388
98.75	-0.92388
98.775	-0.926857
98.775	-0.926857
98.8	-0.929776
98.8	-0.929776
98.825	-0.932639
98.825	-0.932639
98.85	-0.935444
98.85	-0.935444
98.875	-0.938191
98.875	-0.938191
98.9	-0.940881
98.9	-0.940881
98.925	-0.943512
98.925	-0.943512
98.95	-0.946085
98.95	-0.946085
98.975	-0.9486
98.975	-0.9486
99	-0.951057
99	-0.951057
99.025	-0.953454
99.025	-0.953454
99.05	-0.955793
99.05	-0.955793
99.075	-0.958073
99.075	-0.958073
99.1	-0.960294
99.1	-0.960294
99.125	-0.962455
99.125	-0.962455
99.15	-0.964557
99.15	-0.964557
99.175	-0.9666
99.175	-0.9666
99.2	-0.968583
99.2	-0.968583
99.225	-0.970506
99.225	-0.970506
99.25	-0.97237
99.25	-0.97237
99.275	-0.974173
99.275	-0.974173
99.3	-0.975917
99.3	-0.975917
99.325	-0.9776
99.325	-0.9776
99.35	-0.979223
99.35	-0.979223
99.375	-0.980785
99.375	-0.980785
99.4	-0.982287
99.4	-0.982287
99.425	-0.983729
99.425	-0.983729
99.45	-0.985109
99.45	-0.985109
99.475	-0.986429
99.475	-0.986429
99.5	-0.987688
99.5	-0.987688
99.525	-0.988886
99.525	-0.988886
99.55	-0.990024
99.55	-0.990024
99.575	-0.9911
99.575	-0.9911
99.6	-0.992115
99.6	-0.992115
99.625	-0.993068
99.625	-0.993068
99.65	-0.993961
99.65	-0.993961
99.675	-0.994792
99.675	-0.994792
99.7	-0.995562
99.7	-0.995562
99.725	-0.99627
99.725	-0.99627
99.75	-0.996917
99.75	-0.996917
99.775	-0.997503
99.775	-0.997503
99.8	-0.998027
99.8	-0.998027
99.825	-0.998489
99.825	-0.998489
99.85	-0.99889
99.85	-0.99889
99.875	-0.999229
99.875	-0.999229
99.9	-0.999507
99.9	-0.999507
99.925	-0.999722
99.925	-0.999722
99.95	-0.999877
99.95	-0.999877
99.975	-0.999969
99.975	-0.999969
100	-1
100	-1
100.025	-0.999969
100.025	-0.999969
100.05	-0.999877
100.05	-0.999877
100.075	-0.999722
100.075	-0.999722
100.1	-0.999507
100.1	-0.999507
100.125	-0.999229
100.125	-0.999229
100.15	-0.99889
100.15	-0.99889
100.175	-0.998489
100.175	-0.998489
100.2	-0.998027
100.2	-0.998027
100.225	-0.997503
100.225	-0.997503
100.25	-0.996917
100.25	-0.996917
100.275	-0.99627
100.275	-0.99627
100.3	-0.995562
100.3	-0.995562
100.325	-0.994792
100.325	-0.994792
100.35	-0.993961
100.35	-0.993961
100.375	-0.993068
100.375	-0.993068
100.4	-0.992115
100.4	-0.992115
100.425	-0.9911
100.425	-0.9911
100.45	-0.990024
100.45	-0.990024
100.475	-0.988886
100.475	-0.988886
100.5	-0.987688
100.5	-0.987688
100.525	-0.986429
100.525	-0.986429
100.55	-0.985109
100.55	-0.985109
100.575	-0.983729
100.575	-0.983729
100.6	-0.982287
100.6	-0.982287
100.625	-0.980785
100.625	-0.980785
100.65	-0.979223
100.65	-0.979223
100.675	-0.9776
100.675	-0.9776
100.7	-0.975917
100.7	-0.975917
100.725	-0.974173
100.725	-0.974173
100.75	-0.97237
100.75	-0.97237
100.775	-0.970506
100.775	-0.970506
100.8	-0.968583
100.8	-0.968583
100.825	-0.9666
100.825	-0.9666
100.85	-0.964557
100.85	-0.964557
100.875	-0.962455
100.875	-0.962455
100.9	-0.960294
100.9	-0.960294
100.925	-0.958073
100.925	-0.958073
100.95	-0.955793
100.95	-0.955793
100.975	-0.953454
100.975	-0.953454
101	-0.951057
101	-0.951057
101.025	-0.9486
101.025	-0.9486
101.05	-0.946085
101.05	-0.946085
101.075	-0.943512
101.075	-0.943512
101.1	-0.940881
101.1	-0.940881
101.125	-0.938191
101.125	-0.938191
101.15	-0.935444
101.15	-0.935444
101.175	-0.932639
101.175	-0.932639
101.2	-0.929776
101.2	-0.929776
101.225	-0.926857
101.225	-0.926857
101.25	-0.92388
101.25	-0.92388
101.275	-0.920846
101.275	-0.920846
101.3	-0.917755
101.3	-0.917755
101.325	-0.914607
101.325	-0.914607
101.35	-0.911403
101.35	-0.911403
101.375	-0.908143
101.375	-0.908143
101.4	-0.904827
101.4	-0.904827
101.425	-0.901455
101.425	-0.901455
101.45	-0.898028
101.45	-0.898028
101.475	-0.894545
101.475	-0.894545
101.5	-0.891007
101.5	-0.891007
101.525	-0.887413
101.525	-0.887413
101.55	-0.883766
101.55	-0.883766
101.575	-0.880063
101.575	-0.880063
101.6	-0.876307
101.6	-0.876307
101.625	-0.872496
101.625	-0.872496
101.65	-0.868632
101.65	-0.868632
101.675	-0.864713
101.675	-0.864713
101.7	-0.860742
101.7	-0.860742
101.725	-0.856718
101.725	-0.856718
101.75	-0.85264
101.75	-0.85264
101.775	-0.84851
101.775	-0.84851
101.8	-0.844328
101.8	-0.844328
101.825	-0.840094
101.825	-0.840094
101.85	-0.835807
101.85	-0.835807
101.875	-0.83147
101.875	-0.83147
101.9	-0.827081
101.9	-0.827081
101.925	-0.822641
101.925	-0.822641
101.95	-0.81815
101.95	-0.81815
101.975	-0.813608
101.975	-0.813608
102	-0.809017
102	-0.809017
102.025	-0.804376
102.025	-0.804376
102.05	-0.799685
102.05	-0.799685
102.075	-0.794944
102.075	-0.794944
102.1	-0.790155
102.1	-0.790155
102.125	-0.785317
102.125	-0.785317
102.15	-0.78043
102.15	-0.78043
102.175	-0.775496
102.175	-0.775496
102.2	-0.770513
102.2	-0.770513
102.225	-0.765483
102.225	-0.765483
102.25	-0.760406
102.25	-0.760406
102.275	-0.755282
102.275	-0.755282
102.3	-0.750111
102.3	-0.750111
102.325	-0.744894
102.325	-0.744894
102.35	-0.739631
102.35	-0.739631
102.375	-0.734322
102.375	-0.734322
102.4	-0.728969
102.4	-0.728969
102.425	-0.72357
102.425	-0.72357
102.45	-0.718126
102.45	-0.718126
102.475	-0.712638
102.475	-0.712638
102.5	-0.707107
102.5	-0.707107
102.525	-0.701531
102.525	-0.701531
102.55	-0.695913
102.55	-0.695913
102.575	-0.690251
102.575	-0.690251
102.6	-0.684547
102.6	-0.684547
102.625	-0.678801
102.625	-0.678801
102.65	-0.673012
102.65	-0.673012
102.675	-0.667183
102.675	-0.667183
102.7	-0.661312
102.7	-0.661312
102.725	-0.6554
102.725	-0.6554
102.75	-0.649448
102.75	-0.649448
102.775	-0.643456
102.775	-0.643456
102.8	-0.637424
102.8	-0.637424
102.825	-0.631353
102.825	-0.631353
102.85	-0.625243
102.85	-0.625243
102.875	-0.619094
102.875	-0.619094
102.9	-0.612907
102.9	-0.612907
102.925	-0.606682
102.925	-0.606682
102.95	-0.60042
102.95	-0.60042
102.975	-0.594121
102.975	-0.594121
103	-0.587785
103	-0.587785
103.025	-0.581413
103.025	-0.581413
103.05	-0.575005
103.05	-0.575005
103.075	-0.568562
103.075	-0.568562
103.1	-0.562083
103.1	-0.562083
103.125	-0.55557
103.125	-0.55557
103.15	-0.549023
103.15	-0.549023
103.175	-0.542442
103.175	-0.542442
103.2	-0.535827
103.2	-0.535827
103.225	-0.529179
103.225	-0.529179
103.25	-0.522499
103.25	-0.522499
103.275	-0.515786
103.275	-0.515786
103.3	-0.509041
103.3	-0.509041
103.325	-0.502266
103.325	-0.502266
103.35	-0.495459
103.35	-0.495459
103.375	-0.488621
103.375	-0.488621
103.4	-0.481754
103.4	-0.481754
103.425	-0.474856
103.425	-0.474856
103.45	-0.46793
103.45	-0.46793
103.475	-0.460974
103.475	-0.460974
103.5	-0.45399
103.5	-0.45399
103.525	-0.446979
103.525	-0.446979
103.55	-0.439939
103.55	-0.439939
103.575	-0.432873
103.575	-0.432873
103.6	-0.425779
103.6	-0.425779
103.625	-0.41866
103.625	-0.41866
103.65	-0.411514
103.65	-0.411514
103.675	-0.404344
103.675	-0.404344
103.7	-0.397148
103.7	-0.397148
103.725	-0.389928
103.725	-0.389928
103.75	-0.382683
103.75	-0.382683
103.775	-0.375416
103.775	-0.375416
103.8	-0.368125
103.8	-0.368125
103.825	-0.360811
103.825	-0.360811
103.85	-0.353475
103.85	-0.353475
103.875	-0.346117
103.875	-0.346117
103.9	-0.338738
103.9	-0.338738
103.925	-0.331338
103.925	-0.331338
103.95	-0.323917
103.95	-0.323917
103.975	-0.316477
103.975	-0.316477
104	-0.309017
104	-0.309017
104.025	-0.301538
104.025	-0.301538
104.05	-0.29404
104.05	-0.29404
104.075	-0.286525
104.075	-0.286525
104.1	-0.278991
104.1	-0.278991
104.125	-0.27144
104.125	-0.27144
104.15	-0.263873
104.15	-0.263873
104.175	-0.256289
104.175	-0.256289
104.2	-0.24869
104.2	-0.24869
104.225	-0.241075
104.225	-0.241075
104.25	-0.233445
104.25	-0.233445
104.275	-0.225801
104.275	-0.225801
104.3	-0.218143
104.3	-0.218143
104.325	-0.210472
104.325	-0.210472
104.35	-0.202787
104.35	-0.202787
104.375	-0.19509
104.375	-0.19509
104.4	-0.187381
104.4	-0.187381
104.425	-0.179661
104.425	-0.179661
104.45	-0.171929
104.45	-0.171929
104.475	-0.164187
104.475	-0.164187
104.5	-0.156434
104.5	-0.156434
104.525	-0.148672
104.525	-0.148672
104.55	-0.140901
104.55	-0.140901
104.575	-0.133121
104.575	-0.133121
104.6	-0.125333
104.6	-0.125333
104.625	-0.117537
104.625	-0.117537
104.65	-0.109734
104.65	-0.109734
104.675	-0.101924
104.675	-0.101924
104.7	-0.0941083
104.7	-0.0941083
104.725	-0.0862864
104.725	-0.0862864
104.75	-0.0784591
104.75	-0.0784591
104.775	-0.070627
104.775	-0.070627
104.8	-0.0627905
104.8	-0.0627905
104.825	-0.0549502
104.825	-0.0549502
104.85	-0.0471065
104.85	-0.0471065
104.875	-0.0392598
104.875	-0.0392598
104.9	-0.0314108
104.9	-0.0314108
104.925	-0.0235598
104.925	-0.0235598
104.95	-0.0157073
104.95	-0.0157073
104.975	-0.0078539
104.975	-0.0078539
105	5.16087e-12
105	5.16087e-12
